,country,q127,q098,q130,q106,q131,q005,q006,name
3183,2.0,2.0,,3.0,3.0,2.0,1.0,3.0,Hong Kong
3184,2.0,3.0,3.0,2.0,3.0,2.0,3.0,,Hong Kong
3185,2.0,2.0,3.0,,2.0,3.0,4.0,2.0,Hong Kong
3186,2.0,2.0,3.0,3.0,3.0,3.0,4.0,2.0,Hong Kong
3187,2.0,2.0,3.0,2.0,,2.0,1.0,,Hong Kong
3188,2.0,2.0,3.0,2.0,,3.0,3.0,2.0,Hong Kong
3189,2.0,2.0,3.0,2.0,3.0,3.0,2.0,3.0,Hong Kong
3190,2.0,2.0,2.0,3.0,2.0,3.0,2.0,4.0,Hong Kong
3191,2.0,3.0,2.0,3.0,2.0,3.0,3.0,3.0,Hong Kong
3192,2.0,2.0,3.0,3.0,3.0,3.0,3.0,3.0,Hong Kong
3193,2.0,2.0,3.0,3.0,2.0,3.0,2.0,3.0,Hong Kong
3194,2.0,3.0,3.0,3.0,2.0,3.0,2.0,3.0,Hong Kong
3195,2.0,3.0,2.0,3.0,2.0,3.0,2.0,4.0,Hong Kong
3196,2.0,3.0,3.0,3.0,2.0,3.0,1.0,3.0,Hong Kong
3197,2.0,2.0,3.0,2.0,2.0,,2.0,,Hong Kong
3198,2.0,2.0,3.0,2.0,3.0,,4.0,2.0,Hong Kong
3199,2.0,1.0,2.0,2.0,3.0,3.0,2.0,4.0,Hong Kong
3200,2.0,2.0,3.0,2.0,,2.0,2.0,4.0,Hong Kong
3201,2.0,2.0,3.0,3.0,3.0,3.0,3.0,3.0,Hong Kong
3202,2.0,1.0,,3.0,2.0,3.0,3.0,4.0,Hong Kong
3203,2.0,2.0,2.0,3.0,2.0,3.0,2.0,3.0,Hong Kong
3204,2.0,2.0,3.0,3.0,3.0,2.0,2.0,4.0,Hong Kong
3205,2.0,,,3.0,,3.0,4.0,3.0,Hong Kong
3206,2.0,2.0,3.0,2.0,3.0,2.0,1.0,,Hong Kong
3207,2.0,2.0,3.0,3.0,2.0,3.0,4.0,2.0,Hong Kong
3208,2.0,3.0,3.0,2.0,2.0,3.0,3.0,3.0,Hong Kong
3209,2.0,3.0,2.0,3.0,2.0,4.0,3.0,4.0,Hong Kong
3210,2.0,2.0,3.0,3.0,3.0,3.0,2.0,,Hong Kong
3211,2.0,2.0,3.0,2.0,4.0,2.0,4.0,1.0,Hong Kong
3212,2.0,2.0,3.0,2.0,,3.0,4.0,,Hong Kong
3213,2.0,2.0,1.0,3.0,2.0,3.0,1.0,2.0,Hong Kong
3214,2.0,2.0,3.0,2.0,4.0,3.0,3.0,,Hong Kong
3215,2.0,3.0,3.0,1.0,2.0,3.0,3.0,4.0,Hong Kong
3216,2.0,2.0,3.0,3.0,,3.0,3.0,,Hong Kong
3217,2.0,,3.0,3.0,3.0,3.0,2.0,,Hong Kong
3218,2.0,2.0,2.0,3.0,2.0,3.0,2.0,3.0,Hong Kong
3219,2.0,2.0,3.0,,4.0,,2.0,4.0,Hong Kong
3220,2.0,2.0,2.0,3.0,2.0,3.0,3.0,4.0,Hong Kong
3221,2.0,2.0,1.0,2.0,3.0,2.0,2.0,2.0,Hong Kong
3222,2.0,2.0,2.0,2.0,2.0,,1.0,3.0,Hong Kong
3223,2.0,2.0,2.0,,2.0,2.0,1.0,1.0,Hong Kong
3224,2.0,2.0,2.0,2.0,,3.0,1.0,3.0,Hong Kong
3225,2.0,,,2.0,3.0,2.0,3.0,3.0,Hong Kong
3226,2.0,3.0,4.0,2.0,4.0,2.0,2.0,4.0,Hong Kong
3227,2.0,1.0,2.0,2.0,,3.0,3.0,2.0,Hong Kong
3228,2.0,2.0,4.0,2.0,2.0,3.0,1.0,2.0,Hong Kong
3229,2.0,1.0,3.0,2.0,,1.0,2.0,,Hong Kong
3230,2.0,2.0,3.0,,2.0,3.0,3.0,2.0,Hong Kong
3231,2.0,2.0,,2.0,3.0,3.0,1.0,3.0,Hong Kong
3232,2.0,3.0,2.0,2.0,2.0,3.0,3.0,2.0,Hong Kong
3233,2.0,2.0,2.0,2.0,3.0,2.0,2.0,4.0,Hong Kong
3234,2.0,1.0,3.0,2.0,2.0,2.0,4.0,4.0,Hong Kong
3235,2.0,2.0,2.0,2.0,,2.0,4.0,4.0,Hong Kong
3236,2.0,2.0,3.0,3.0,3.0,3.0,2.0,4.0,Hong Kong
3237,2.0,2.0,3.0,2.0,3.0,2.0,3.0,2.0,Hong Kong
3238,2.0,3.0,2.0,2.0,1.0,3.0,2.0,3.0,Hong Kong
3239,2.0,2.0,2.0,3.0,2.0,4.0,4.0,4.0,Hong Kong
3240,2.0,2.0,3.0,3.0,3.0,3.0,2.0,2.0,Hong Kong
3241,2.0,2.0,3.0,2.0,3.0,2.0,4.0,5.0,Hong Kong
3242,2.0,2.0,,2.0,2.0,3.0,3.0,3.0,Hong Kong
3243,2.0,1.0,1.0,3.0,2.0,2.0,1.0,1.0,Hong Kong
3244,2.0,2.0,2.0,3.0,2.0,3.0,2.0,4.0,Hong Kong
3245,2.0,2.0,3.0,2.0,,3.0,1.0,2.0,Hong Kong
3246,2.0,2.0,,,2.0,3.0,2.0,4.0,Hong Kong
3247,2.0,2.0,3.0,2.0,3.0,3.0,2.0,4.0,Hong Kong
3248,2.0,,3.0,3.0,,3.0,2.0,,Hong Kong
3249,2.0,2.0,,2.0,3.0,3.0,2.0,3.0,Hong Kong
3250,2.0,2.0,3.0,2.0,1.0,3.0,1.0,4.0,Hong Kong
3251,2.0,2.0,4.0,2.0,3.0,3.0,2.0,3.0,Hong Kong
3252,2.0,2.0,3.0,1.0,3.0,2.0,3.0,,Hong Kong
3253,2.0,3.0,2.0,3.0,2.0,3.0,2.0,4.0,Hong Kong
3254,2.0,2.0,3.0,2.0,2.0,3.0,4.0,4.0,Hong Kong
3255,2.0,2.0,3.0,3.0,4.0,3.0,2.0,3.0,Hong Kong
3256,2.0,1.0,2.0,2.0,4.0,2.0,1.0,1.0,Hong Kong
3257,2.0,2.0,2.0,2.0,3.0,3.0,3.0,3.0,Hong Kong
3258,2.0,2.0,3.0,2.0,3.0,3.0,3.0,4.0,Hong Kong
3259,2.0,2.0,3.0,3.0,4.0,3.0,2.0,4.0,Hong Kong
3260,2.0,2.0,2.0,2.0,,2.0,3.0,3.0,Hong Kong
3261,2.0,,3.0,2.0,3.0,2.0,1.0,,Hong Kong
3262,2.0,2.0,3.0,2.0,4.0,2.0,3.0,2.0,Hong Kong
3263,2.0,2.0,,2.0,,3.0,2.0,,Hong Kong
3264,2.0,2.0,3.0,2.0,,3.0,3.0,,Hong Kong
3265,2.0,2.0,3.0,3.0,2.0,3.0,3.0,,Hong Kong
3266,2.0,1.0,,,,,3.0,,Hong Kong
3267,2.0,2.0,,2.0,,2.0,1.0,4.0,Hong Kong
3268,2.0,2.0,,2.0,,3.0,2.0,3.0,Hong Kong
3269,2.0,2.0,,,,2.0,3.0,3.0,Hong Kong
3270,2.0,3.0,3.0,2.0,4.0,3.0,2.0,4.0,Hong Kong
3271,2.0,1.0,3.0,2.0,2.0,3.0,3.0,4.0,Hong Kong
3272,2.0,2.0,3.0,3.0,2.0,3.0,3.0,3.0,Hong Kong
3273,2.0,2.0,3.0,2.0,3.0,3.0,4.0,3.0,Hong Kong
3274,2.0,2.0,,2.0,,3.0,3.0,,Hong Kong
3275,2.0,2.0,3.0,2.0,2.0,2.0,4.0,4.0,Hong Kong
3276,2.0,3.0,3.0,2.0,3.0,3.0,4.0,3.0,Hong Kong
3277,2.0,2.0,3.0,3.0,3.0,3.0,3.0,2.0,Hong Kong
3278,2.0,2.0,,3.0,2.0,3.0,2.0,3.0,Hong Kong
3279,2.0,2.0,3.0,2.0,3.0,2.0,3.0,3.0,Hong Kong
3280,2.0,2.0,2.0,2.0,2.0,3.0,2.0,3.0,Hong Kong
3281,2.0,3.0,3.0,2.0,2.0,3.0,4.0,4.0,Hong Kong
3282,2.0,2.0,3.0,2.0,2.0,3.0,4.0,3.0,Hong Kong
3283,2.0,2.0,3.0,2.0,3.0,2.0,2.0,2.0,Hong Kong
3284,2.0,2.0,3.0,4.0,2.0,3.0,4.0,3.0,Hong Kong
3285,2.0,2.0,3.0,3.0,2.0,3.0,4.0,3.0,Hong Kong
3286,2.0,1.0,3.0,2.0,2.0,3.0,1.0,2.0,Hong Kong
3287,2.0,3.0,2.0,4.0,2.0,4.0,2.0,2.0,Hong Kong
3288,2.0,1.0,3.0,,3.0,2.0,3.0,2.0,Hong Kong
3289,2.0,2.0,3.0,2.0,2.0,3.0,2.0,4.0,Hong Kong
3290,2.0,2.0,2.0,2.0,2.0,4.0,1.0,3.0,Hong Kong
3291,2.0,2.0,3.0,2.0,2.0,3.0,4.0,4.0,Hong Kong
3292,2.0,2.0,2.0,3.0,4.0,3.0,3.0,2.0,Hong Kong
3293,2.0,1.0,,,2.0,3.0,2.0,,Hong Kong
3294,2.0,2.0,2.0,2.0,2.0,3.0,3.0,2.0,Hong Kong
3295,2.0,2.0,3.0,2.0,2.0,3.0,1.0,3.0,Hong Kong
3296,2.0,,3.0,3.0,2.0,3.0,3.0,3.0,Hong Kong
3297,2.0,2.0,3.0,3.0,3.0,3.0,2.0,2.0,Hong Kong
3298,2.0,2.0,,,,3.0,4.0,3.0,Hong Kong
3299,2.0,,3.0,2.0,4.0,3.0,2.0,,Hong Kong
3300,2.0,1.0,2.0,2.0,3.0,3.0,3.0,,Hong Kong
3301,2.0,2.0,3.0,2.0,3.0,2.0,1.0,3.0,Hong Kong
3302,2.0,2.0,3.0,3.0,2.0,3.0,1.0,5.0,Hong Kong
3303,2.0,1.0,2.0,4.0,1.0,4.0,1.0,1.0,Hong Kong
3304,2.0,3.0,3.0,3.0,4.0,3.0,2.0,3.0,Hong Kong
3305,2.0,2.0,3.0,,3.0,3.0,,3.0,Hong Kong
3306,2.0,2.0,3.0,2.0,2.0,3.0,2.0,2.0,Hong Kong
3307,2.0,2.0,,2.0,,3.0,2.0,4.0,Hong Kong
3308,2.0,2.0,,2.0,,2.0,1.0,,Hong Kong
3309,2.0,2.0,4.0,2.0,2.0,2.0,3.0,,Hong Kong
3310,2.0,2.0,,3.0,2.0,3.0,1.0,3.0,Hong Kong
3311,2.0,2.0,3.0,2.0,2.0,3.0,2.0,2.0,Hong Kong
3312,2.0,2.0,3.0,2.0,2.0,2.0,2.0,3.0,Hong Kong
3313,2.0,2.0,3.0,3.0,,3.0,2.0,1.0,Hong Kong
3314,2.0,2.0,2.0,3.0,3.0,3.0,4.0,3.0,Hong Kong
3315,2.0,2.0,3.0,2.0,3.0,3.0,2.0,4.0,Hong Kong
3316,2.0,3.0,2.0,3.0,2.0,3.0,3.0,4.0,Hong Kong
3317,2.0,2.0,3.0,3.0,1.0,3.0,2.0,4.0,Hong Kong
3318,2.0,2.0,3.0,2.0,3.0,3.0,3.0,4.0,Hong Kong
3319,2.0,2.0,3.0,3.0,2.0,3.0,3.0,,Hong Kong
3320,2.0,2.0,3.0,3.0,3.0,2.0,1.0,3.0,Hong Kong
3321,2.0,3.0,2.0,3.0,2.0,3.0,2.0,3.0,Hong Kong
3322,2.0,3.0,1.0,4.0,1.0,4.0,3.0,5.0,Hong Kong
3323,2.0,2.0,2.0,2.0,2.0,3.0,3.0,2.0,Hong Kong
3324,2.0,3.0,2.0,2.0,2.0,3.0,3.0,3.0,Hong Kong
3325,2.0,2.0,4.0,2.0,4.0,3.0,3.0,2.0,Hong Kong
3326,2.0,3.0,1.0,3.0,1.0,3.0,1.0,4.0,Hong Kong
3327,2.0,2.0,3.0,2.0,2.0,3.0,4.0,3.0,Hong Kong
3328,2.0,2.0,2.0,,1.0,3.0,1.0,3.0,Hong Kong
3329,2.0,2.0,3.0,2.0,2.0,3.0,3.0,4.0,Hong Kong
3330,2.0,,3.0,2.0,2.0,,5.0,3.0,Hong Kong
3331,2.0,3.0,3.0,2.0,2.0,3.0,3.0,4.0,Hong Kong
3332,2.0,3.0,1.0,,3.0,3.0,3.0,3.0,Hong Kong
3333,2.0,2.0,3.0,2.0,1.0,3.0,2.0,2.0,Hong Kong
3334,2.0,2.0,3.0,3.0,,3.0,2.0,,Hong Kong
3335,2.0,2.0,2.0,3.0,1.0,3.0,2.0,3.0,Hong Kong
3336,2.0,3.0,2.0,2.0,3.0,3.0,3.0,3.0,Hong Kong
3337,2.0,2.0,,2.0,2.0,3.0,2.0,1.0,Hong Kong
3338,2.0,2.0,3.0,2.0,3.0,3.0,2.0,3.0,Hong Kong
3339,2.0,,,,,3.0,2.0,,Hong Kong
3340,2.0,3.0,3.0,2.0,3.0,3.0,3.0,3.0,Hong Kong
3341,2.0,2.0,3.0,3.0,3.0,2.0,4.0,4.0,Hong Kong
3342,2.0,2.0,2.0,3.0,2.0,3.0,4.0,2.0,Hong Kong
3343,2.0,2.0,,3.0,4.0,3.0,2.0,3.0,Hong Kong
3344,2.0,,,,,,2.0,3.0,Hong Kong
3345,2.0,2.0,3.0,2.0,4.0,2.0,3.0,4.0,Hong Kong
3346,2.0,2.0,3.0,2.0,3.0,2.0,2.0,4.0,Hong Kong
3347,2.0,2.0,3.0,4.0,3.0,3.0,4.0,5.0,Hong Kong
3348,2.0,2.0,2.0,2.0,2.0,3.0,1.0,1.0,Hong Kong
3349,2.0,3.0,3.0,2.0,4.0,2.0,3.0,3.0,Hong Kong
3350,2.0,1.0,,,2.0,3.0,2.0,,Hong Kong
3351,2.0,2.0,4.0,3.0,3.0,2.0,2.0,4.0,Hong Kong
3352,2.0,1.0,,3.0,2.0,3.0,2.0,2.0,Hong Kong
3353,2.0,2.0,2.0,2.0,2.0,3.0,3.0,4.0,Hong Kong
3354,2.0,2.0,2.0,2.0,2.0,,3.0,3.0,Hong Kong
3355,2.0,3.0,2.0,3.0,2.0,3.0,2.0,4.0,Hong Kong
3356,2.0,2.0,3.0,3.0,2.0,3.0,2.0,3.0,Hong Kong
3357,2.0,3.0,,2.0,4.0,3.0,2.0,3.0,Hong Kong
3358,2.0,,,,,,3.0,,Hong Kong
3359,2.0,2.0,3.0,2.0,3.0,3.0,3.0,4.0,Hong Kong
3360,2.0,2.0,2.0,3.0,2.0,2.0,4.0,3.0,Hong Kong
3361,2.0,2.0,3.0,2.0,2.0,2.0,2.0,4.0,Hong Kong
3362,2.0,1.0,2.0,3.0,2.0,3.0,1.0,,Hong Kong
3363,2.0,2.0,3.0,3.0,1.0,3.0,2.0,4.0,Hong Kong
3364,2.0,3.0,2.0,3.0,3.0,3.0,3.0,4.0,Hong Kong
3365,2.0,2.0,,2.0,,3.0,2.0,,Hong Kong
3366,2.0,2.0,3.0,3.0,2.0,3.0,1.0,2.0,Hong Kong
3367,2.0,2.0,3.0,2.0,4.0,2.0,4.0,3.0,Hong Kong
3368,2.0,2.0,2.0,3.0,2.0,3.0,1.0,2.0,Hong Kong
3369,2.0,,,,,,1.0,1.0,Hong Kong
3370,2.0,,3.0,2.0,4.0,3.0,2.0,3.0,Hong Kong
3371,2.0,3.0,3.0,3.0,2.0,3.0,1.0,4.0,Hong Kong
3372,2.0,2.0,3.0,2.0,4.0,2.0,2.0,4.0,Hong Kong
3373,2.0,2.0,2.0,2.0,3.0,3.0,1.0,4.0,Hong Kong
3374,2.0,2.0,3.0,2.0,2.0,2.0,3.0,4.0,Hong Kong
3375,2.0,2.0,3.0,3.0,3.0,2.0,3.0,4.0,Hong Kong
3376,2.0,2.0,3.0,2.0,2.0,3.0,4.0,4.0,Hong Kong
3377,2.0,2.0,3.0,3.0,3.0,3.0,2.0,3.0,Hong Kong
3378,2.0,3.0,3.0,2.0,3.0,3.0,3.0,3.0,Hong Kong
3379,2.0,3.0,3.0,3.0,4.0,3.0,2.0,2.0,Hong Kong
3380,2.0,2.0,3.0,3.0,4.0,3.0,2.0,3.0,Hong Kong
3381,2.0,2.0,,2.0,3.0,3.0,3.0,3.0,Hong Kong
3382,2.0,2.0,4.0,2.0,3.0,2.0,3.0,3.0,Hong Kong
3383,2.0,3.0,3.0,2.0,3.0,3.0,3.0,3.0,Hong Kong
3384,2.0,2.0,3.0,2.0,2.0,3.0,3.0,2.0,Hong Kong
3385,2.0,2.0,3.0,3.0,3.0,3.0,2.0,,Hong Kong
3386,2.0,2.0,3.0,2.0,3.0,3.0,2.0,3.0,Hong Kong
3387,2.0,2.0,3.0,3.0,2.0,3.0,4.0,4.0,Hong Kong
3388,2.0,2.0,2.0,3.0,1.0,4.0,4.0,4.0,Hong Kong
3389,2.0,2.0,,2.0,2.0,2.0,3.0,4.0,Hong Kong
3390,2.0,3.0,3.0,2.0,2.0,3.0,5.0,5.0,Hong Kong
3391,2.0,3.0,3.0,2.0,1.0,3.0,2.0,2.0,Hong Kong
3392,2.0,2.0,2.0,2.0,1.0,3.0,2.0,2.0,Hong Kong
3393,2.0,2.0,3.0,3.0,3.0,3.0,3.0,3.0,Hong Kong
3394,2.0,2.0,,,,,2.0,3.0,Hong Kong
3395,2.0,1.0,3.0,2.0,4.0,2.0,2.0,,Hong Kong
3396,2.0,2.0,,,,,3.0,4.0,Hong Kong
3397,2.0,2.0,2.0,2.0,3.0,3.0,1.0,1.0,Hong Kong
3398,2.0,2.0,3.0,2.0,3.0,3.0,2.0,2.0,Hong Kong
3399,2.0,3.0,2.0,2.0,2.0,3.0,3.0,3.0,Hong Kong
3400,2.0,1.0,2.0,2.0,2.0,3.0,2.0,,Hong Kong
3401,2.0,2.0,2.0,2.0,2.0,3.0,2.0,3.0,Hong Kong
3402,2.0,2.0,3.0,2.0,3.0,3.0,2.0,3.0,Hong Kong
3403,2.0,1.0,2.0,2.0,2.0,3.0,3.0,4.0,Hong Kong
3404,2.0,,2.0,3.0,1.0,4.0,3.0,,Hong Kong
3405,2.0,1.0,1.0,3.0,3.0,3.0,2.0,3.0,Hong Kong
3406,2.0,3.0,2.0,2.0,3.0,3.0,4.0,5.0,Hong Kong
3407,2.0,1.0,2.0,2.0,3.0,3.0,2.0,2.0,Hong Kong
3408,2.0,2.0,3.0,2.0,2.0,3.0,3.0,3.0,Hong Kong
3409,2.0,2.0,3.0,2.0,3.0,3.0,2.0,,Hong Kong
3410,2.0,2.0,1.0,3.0,2.0,3.0,1.0,4.0,Hong Kong
3411,2.0,2.0,,2.0,2.0,,3.0,,Hong Kong
3412,2.0,2.0,3.0,2.0,,3.0,2.0,3.0,Hong Kong
3413,2.0,2.0,3.0,3.0,,,1.0,2.0,Hong Kong
3414,2.0,1.0,,,,,2.0,2.0,Hong Kong
3415,2.0,2.0,3.0,3.0,2.0,4.0,2.0,3.0,Hong Kong
3416,2.0,3.0,3.0,3.0,3.0,4.0,2.0,3.0,Hong Kong
3417,2.0,2.0,2.0,3.0,2.0,3.0,2.0,3.0,Hong Kong
3418,2.0,2.0,2.0,2.0,3.0,3.0,2.0,4.0,Hong Kong
3419,2.0,3.0,2.0,3.0,2.0,3.0,4.0,3.0,Hong Kong
3420,2.0,2.0,,2.0,2.0,3.0,3.0,4.0,Hong Kong
3421,2.0,2.0,2.0,,2.0,3.0,3.0,2.0,Hong Kong
3422,2.0,2.0,3.0,2.0,3.0,3.0,3.0,3.0,Hong Kong
3423,2.0,2.0,3.0,3.0,3.0,3.0,2.0,2.0,Hong Kong
3424,2.0,2.0,3.0,3.0,3.0,3.0,1.0,2.0,Hong Kong
3425,2.0,1.0,2.0,2.0,2.0,3.0,1.0,3.0,Hong Kong
3426,2.0,2.0,3.0,3.0,2.0,3.0,3.0,3.0,Hong Kong
3427,2.0,2.0,2.0,2.0,2.0,3.0,3.0,4.0,Hong Kong
3428,2.0,2.0,2.0,3.0,2.0,3.0,3.0,2.0,Hong Kong
3429,2.0,2.0,2.0,3.0,2.0,4.0,3.0,3.0,Hong Kong
3430,2.0,2.0,2.0,2.0,3.0,3.0,2.0,2.0,Hong Kong
3431,2.0,2.0,3.0,3.0,3.0,3.0,4.0,4.0,Hong Kong
3432,2.0,2.0,3.0,3.0,3.0,3.0,2.0,3.0,Hong Kong
3433,2.0,3.0,2.0,3.0,2.0,3.0,2.0,3.0,Hong Kong
3434,2.0,2.0,2.0,,,3.0,1.0,3.0,Hong Kong
3435,2.0,2.0,,,,,3.0,3.0,Hong Kong
3436,2.0,3.0,2.0,3.0,2.0,3.0,2.0,4.0,Hong Kong
3437,2.0,2.0,3.0,,2.0,,3.0,2.0,Hong Kong
3438,2.0,2.0,2.0,3.0,1.0,3.0,2.0,2.0,Hong Kong
3439,2.0,2.0,3.0,2.0,3.0,3.0,4.0,4.0,Hong Kong
3440,2.0,2.0,3.0,3.0,2.0,3.0,3.0,3.0,Hong Kong
3441,2.0,3.0,2.0,3.0,2.0,3.0,3.0,4.0,Hong Kong
3442,2.0,2.0,2.0,2.0,2.0,3.0,3.0,3.0,Hong Kong
3443,2.0,2.0,3.0,2.0,,3.0,2.0,,Hong Kong
3444,2.0,2.0,2.0,,2.0,3.0,3.0,2.0,Hong Kong
3445,2.0,2.0,2.0,2.0,,,3.0,4.0,Hong Kong
3446,2.0,2.0,3.0,2.0,3.0,3.0,3.0,3.0,Hong Kong
3447,2.0,2.0,3.0,3.0,2.0,2.0,1.0,1.0,Hong Kong
3448,2.0,2.0,3.0,2.0,4.0,2.0,1.0,4.0,Hong Kong
3449,2.0,2.0,3.0,2.0,4.0,2.0,2.0,4.0,Hong Kong
3450,2.0,2.0,,,3.0,2.0,2.0,2.0,Hong Kong
3451,2.0,1.0,,4.0,2.0,1.0,2.0,4.0,Hong Kong
3452,2.0,2.0,,2.0,2.0,3.0,3.0,5.0,Hong Kong
3453,2.0,2.0,,2.0,2.0,3.0,4.0,3.0,Hong Kong
3454,2.0,2.0,4.0,2.0,2.0,2.0,2.0,4.0,Hong Kong
3455,2.0,2.0,3.0,2.0,4.0,2.0,2.0,2.0,Hong Kong
3456,2.0,2.0,2.0,2.0,2.0,3.0,2.0,4.0,Hong Kong
3457,2.0,2.0,2.0,2.0,2.0,3.0,2.0,2.0,Hong Kong
3458,2.0,2.0,3.0,3.0,3.0,3.0,3.0,2.0,Hong Kong
3459,2.0,2.0,,2.0,,3.0,2.0,,Hong Kong
3460,2.0,2.0,2.0,3.0,2.0,3.0,4.0,5.0,Hong Kong
3461,2.0,2.0,,2.0,2.0,3.0,4.0,,Hong Kong
3462,2.0,2.0,3.0,2.0,4.0,2.0,2.0,3.0,Hong Kong
3463,2.0,2.0,2.0,2.0,1.0,3.0,4.0,4.0,Hong Kong
3464,2.0,2.0,3.0,2.0,2.0,3.0,4.0,3.0,Hong Kong
3465,2.0,2.0,3.0,2.0,2.0,3.0,1.0,4.0,Hong Kong
3466,2.0,3.0,3.0,2.0,2.0,3.0,3.0,2.0,Hong Kong
3467,2.0,2.0,2.0,3.0,4.0,3.0,3.0,2.0,Hong Kong
3468,2.0,2.0,3.0,2.0,4.0,3.0,2.0,2.0,Hong Kong
3469,2.0,2.0,3.0,2.0,4.0,,3.0,3.0,Hong Kong
3470,2.0,1.0,3.0,,3.0,3.0,2.0,,Hong Kong
3471,2.0,1.0,3.0,2.0,2.0,2.0,3.0,,Hong Kong
3472,2.0,2.0,2.0,2.0,2.0,3.0,2.0,,Hong Kong
3473,2.0,2.0,3.0,2.0,3.0,2.0,2.0,4.0,Hong Kong
3474,2.0,2.0,2.0,2.0,3.0,3.0,3.0,3.0,Hong Kong
3475,2.0,2.0,1.0,3.0,1.0,4.0,4.0,4.0,Hong Kong
3476,2.0,3.0,2.0,3.0,3.0,4.0,1.0,4.0,Hong Kong
3477,2.0,2.0,,2.0,2.0,3.0,2.0,1.0,Hong Kong
3478,2.0,2.0,2.0,4.0,1.0,4.0,1.0,2.0,Hong Kong
3479,2.0,1.0,3.0,3.0,3.0,3.0,1.0,2.0,Hong Kong
3480,2.0,2.0,2.0,2.0,,3.0,1.0,3.0,Hong Kong
3481,2.0,3.0,,2.0,2.0,2.0,2.0,3.0,Hong Kong
3482,2.0,3.0,,2.0,,,3.0,3.0,Hong Kong
3483,2.0,2.0,,2.0,,3.0,2.0,,Hong Kong
3484,2.0,2.0,,3.0,2.0,3.0,2.0,4.0,Hong Kong
3485,2.0,2.0,2.0,3.0,2.0,3.0,4.0,3.0,Hong Kong
3486,2.0,2.0,3.0,2.0,2.0,3.0,2.0,3.0,Hong Kong
3487,2.0,2.0,2.0,3.0,2.0,4.0,1.0,3.0,Hong Kong
3488,2.0,3.0,2.0,3.0,2.0,3.0,4.0,4.0,Hong Kong
3489,2.0,2.0,3.0,3.0,3.0,3.0,3.0,4.0,Hong Kong
3490,2.0,1.0,,,,3.0,2.0,,Hong Kong
3491,2.0,2.0,3.0,2.0,2.0,2.0,2.0,2.0,Hong Kong
3492,2.0,2.0,2.0,2.0,4.0,3.0,2.0,4.0,Hong Kong
3493,2.0,2.0,3.0,2.0,2.0,,2.0,3.0,Hong Kong
3494,2.0,2.0,2.0,2.0,4.0,3.0,3.0,3.0,Hong Kong
3495,2.0,2.0,2.0,4.0,2.0,3.0,,4.0,Hong Kong
3496,2.0,3.0,2.0,3.0,2.0,4.0,3.0,3.0,Hong Kong
3497,2.0,,,,,,3.0,,Hong Kong
3498,2.0,3.0,2.0,2.0,2.0,2.0,4.0,3.0,Hong Kong
3499,2.0,1.0,,,,2.0,3.0,3.0,Hong Kong
3500,2.0,3.0,3.0,2.0,4.0,3.0,4.0,3.0,Hong Kong
3501,2.0,2.0,1.0,2.0,1.0,4.0,2.0,1.0,Hong Kong
3502,2.0,3.0,2.0,3.0,3.0,4.0,2.0,4.0,Hong Kong
3503,2.0,2.0,,2.0,3.0,3.0,1.0,4.0,Hong Kong
3504,2.0,3.0,3.0,3.0,3.0,3.0,1.0,3.0,Hong Kong
3505,2.0,3.0,3.0,3.0,3.0,2.0,5.0,3.0,Hong Kong
3506,2.0,2.0,2.0,3.0,3.0,4.0,3.0,,Hong Kong
3507,2.0,3.0,3.0,3.0,2.0,3.0,4.0,4.0,Hong Kong
3508,2.0,,,,,3.0,3.0,3.0,Hong Kong
3509,2.0,2.0,3.0,2.0,2.0,3.0,2.0,4.0,Hong Kong
3510,2.0,2.0,2.0,3.0,2.0,3.0,3.0,3.0,Hong Kong
3511,2.0,2.0,3.0,2.0,2.0,2.0,2.0,2.0,Hong Kong
3512,2.0,2.0,3.0,3.0,3.0,3.0,3.0,3.0,Hong Kong
3513,2.0,2.0,,2.0,,2.0,3.0,2.0,Hong Kong
3514,2.0,2.0,2.0,2.0,4.0,3.0,2.0,,Hong Kong
3515,2.0,,3.0,,4.0,3.0,4.0,4.0,Hong Kong
3516,2.0,2.0,3.0,3.0,3.0,,3.0,4.0,Hong Kong
3517,2.0,3.0,3.0,3.0,2.0,3.0,2.0,2.0,Hong Kong
3518,2.0,3.0,3.0,2.0,3.0,2.0,1.0,4.0,Hong Kong
3519,2.0,2.0,3.0,,,3.0,2.0,3.0,Hong Kong
3520,2.0,2.0,,2.0,,3.0,1.0,4.0,Hong Kong
3521,2.0,2.0,2.0,3.0,2.0,3.0,2.0,3.0,Hong Kong
3522,2.0,3.0,,3.0,3.0,3.0,2.0,2.0,Hong Kong
3523,2.0,2.0,2.0,3.0,2.0,3.0,2.0,4.0,Hong Kong
3524,2.0,2.0,3.0,3.0,2.0,3.0,4.0,3.0,Hong Kong
3525,2.0,2.0,1.0,4.0,2.0,3.0,2.0,4.0,Hong Kong
3526,2.0,2.0,3.0,3.0,3.0,3.0,2.0,3.0,Hong Kong
3527,2.0,,,,,,2.0,,Hong Kong
3528,2.0,3.0,3.0,2.0,2.0,3.0,2.0,3.0,Hong Kong
3529,2.0,2.0,2.0,2.0,2.0,3.0,2.0,3.0,Hong Kong
3530,2.0,2.0,3.0,2.0,3.0,2.0,1.0,4.0,Hong Kong
3531,2.0,3.0,3.0,2.0,2.0,3.0,3.0,3.0,Hong Kong
3532,2.0,2.0,2.0,3.0,2.0,3.0,3.0,4.0,Hong Kong
3533,2.0,2.0,3.0,2.0,2.0,3.0,3.0,4.0,Hong Kong
3534,2.0,2.0,3.0,2.0,2.0,3.0,1.0,3.0,Hong Kong
3535,2.0,2.0,3.0,3.0,2.0,,3.0,,Hong Kong
3536,2.0,2.0,,3.0,3.0,3.0,1.0,2.0,Hong Kong
3537,2.0,2.0,3.0,2.0,3.0,2.0,1.0,,Hong Kong
3538,2.0,2.0,2.0,2.0,2.0,3.0,3.0,4.0,Hong Kong
3539,2.0,2.0,3.0,2.0,2.0,3.0,4.0,,Hong Kong
3540,2.0,2.0,3.0,3.0,1.0,4.0,3.0,3.0,Hong Kong
3541,2.0,2.0,3.0,3.0,2.0,3.0,2.0,3.0,Hong Kong
3542,2.0,2.0,3.0,3.0,3.0,3.0,1.0,1.0,Hong Kong
3543,2.0,2.0,,2.0,3.0,2.0,2.0,3.0,Hong Kong
3544,2.0,2.0,1.0,1.0,2.0,1.0,3.0,4.0,Hong Kong
3545,2.0,2.0,3.0,2.0,3.0,2.0,3.0,4.0,Hong Kong
3546,2.0,2.0,2.0,2.0,2.0,3.0,3.0,,Hong Kong
3547,2.0,2.0,2.0,2.0,3.0,3.0,2.0,4.0,Hong Kong
3548,2.0,2.0,2.0,3.0,2.0,3.0,1.0,3.0,Hong Kong
3549,2.0,3.0,1.0,4.0,1.0,4.0,2.0,4.0,Hong Kong
3550,2.0,2.0,,3.0,3.0,3.0,1.0,,Hong Kong
3551,2.0,2.0,3.0,3.0,2.0,3.0,3.0,2.0,Hong Kong
3552,2.0,2.0,2.0,2.0,2.0,3.0,1.0,3.0,Hong Kong
3553,2.0,2.0,2.0,3.0,4.0,3.0,2.0,3.0,Hong Kong
3554,2.0,2.0,2.0,,3.0,,1.0,3.0,Hong Kong
3555,2.0,2.0,,,,,3.0,3.0,Hong Kong
3556,2.0,2.0,2.0,,3.0,,2.0,2.0,Hong Kong
3557,2.0,1.0,2.0,3.0,3.0,2.0,1.0,3.0,Hong Kong
3558,2.0,2.0,2.0,2.0,3.0,2.0,2.0,4.0,Hong Kong
3559,2.0,3.0,2.0,2.0,3.0,3.0,1.0,,Hong Kong
3560,2.0,2.0,3.0,2.0,2.0,3.0,2.0,4.0,Hong Kong
3561,2.0,2.0,2.0,2.0,2.0,3.0,2.0,2.0,Hong Kong
3562,2.0,2.0,3.0,2.0,3.0,3.0,4.0,,Hong Kong
3563,2.0,2.0,3.0,2.0,2.0,2.0,5.0,3.0,Hong Kong
3564,2.0,2.0,3.0,2.0,,3.0,3.0,3.0,Hong Kong
3565,2.0,2.0,2.0,2.0,4.0,2.0,1.0,,Hong Kong
3566,2.0,2.0,,,,2.0,2.0,,Hong Kong
3567,2.0,2.0,3.0,3.0,,3.0,2.0,3.0,Hong Kong
3568,2.0,2.0,3.0,2.0,2.0,2.0,2.0,2.0,Hong Kong
3569,2.0,2.0,2.0,3.0,3.0,4.0,2.0,1.0,Hong Kong
3570,2.0,2.0,,2.0,4.0,3.0,2.0,3.0,Hong Kong
3571,2.0,1.0,,2.0,,,3.0,4.0,Hong Kong
3572,2.0,3.0,,3.0,3.0,3.0,3.0,4.0,Hong Kong
3573,2.0,2.0,2.0,3.0,2.0,3.0,2.0,3.0,Hong Kong
3574,2.0,,3.0,2.0,,2.0,4.0,,Hong Kong
3575,2.0,2.0,3.0,3.0,2.0,3.0,2.0,2.0,Hong Kong
3576,2.0,2.0,1.0,2.0,2.0,3.0,1.0,3.0,Hong Kong
3577,2.0,2.0,2.0,3.0,2.0,3.0,3.0,3.0,Hong Kong
3578,2.0,2.0,2.0,2.0,2.0,3.0,4.0,4.0,Hong Kong
3579,2.0,2.0,3.0,2.0,3.0,2.0,3.0,3.0,Hong Kong
3580,2.0,2.0,3.0,3.0,4.0,3.0,3.0,4.0,Hong Kong
3581,2.0,3.0,3.0,2.0,3.0,2.0,2.0,3.0,Hong Kong
3582,2.0,2.0,3.0,2.0,3.0,2.0,2.0,2.0,Hong Kong
3583,2.0,1.0,3.0,3.0,2.0,4.0,2.0,3.0,Hong Kong
3584,2.0,2.0,,,,,2.0,,Hong Kong
3585,2.0,2.0,3.0,2.0,3.0,2.0,3.0,3.0,Hong Kong
3586,2.0,2.0,2.0,2.0,3.0,3.0,2.0,4.0,Hong Kong
3587,2.0,3.0,3.0,3.0,2.0,3.0,2.0,2.0,Hong Kong
3588,2.0,2.0,3.0,3.0,2.0,3.0,1.0,1.0,Hong Kong
3589,2.0,3.0,3.0,3.0,2.0,3.0,2.0,3.0,Hong Kong
3590,2.0,1.0,3.0,2.0,2.0,3.0,2.0,2.0,Hong Kong
3591,2.0,2.0,3.0,2.0,3.0,3.0,3.0,2.0,Hong Kong
3592,2.0,2.0,3.0,,,2.0,3.0,1.0,Hong Kong
3593,2.0,2.0,2.0,3.0,2.0,3.0,1.0,2.0,Hong Kong
3594,2.0,2.0,3.0,2.0,3.0,3.0,4.0,3.0,Hong Kong
3595,2.0,2.0,3.0,3.0,2.0,3.0,3.0,3.0,Hong Kong
3596,2.0,2.0,2.0,2.0,2.0,3.0,3.0,3.0,Hong Kong
3597,2.0,2.0,2.0,2.0,2.0,3.0,2.0,4.0,Hong Kong
3598,2.0,1.0,2.0,2.0,1.0,3.0,2.0,2.0,Hong Kong
3599,2.0,2.0,1.0,2.0,4.0,3.0,1.0,2.0,Hong Kong
3600,2.0,2.0,3.0,3.0,3.0,3.0,2.0,3.0,Hong Kong
3601,2.0,2.0,3.0,2.0,2.0,3.0,1.0,1.0,Hong Kong
3602,2.0,2.0,3.0,2.0,3.0,2.0,2.0,,Hong Kong
3603,2.0,2.0,,3.0,3.0,3.0,5.0,4.0,Hong Kong
3604,2.0,,2.0,1.0,5.0,3.0,3.0,3.0,Hong Kong
3605,2.0,2.0,,2.0,4.0,2.0,2.0,4.0,Hong Kong
3606,2.0,1.0,,,,,,3.0,Hong Kong
3607,2.0,,3.0,,3.0,,3.0,4.0,Hong Kong
3608,2.0,2.0,2.0,,3.0,3.0,4.0,4.0,Hong Kong
3609,2.0,2.0,3.0,2.0,3.0,3.0,3.0,4.0,Hong Kong
3610,2.0,2.0,,2.0,3.0,3.0,2.0,3.0,Hong Kong
3611,2.0,,1.0,3.0,2.0,3.0,1.0,3.0,Hong Kong
3612,2.0,2.0,3.0,2.0,2.0,2.0,4.0,4.0,Hong Kong
3613,2.0,2.0,3.0,2.0,,2.0,2.0,2.0,Hong Kong
3614,2.0,2.0,2.0,2.0,2.0,3.0,2.0,3.0,Hong Kong
3615,2.0,,,,,,4.0,,Hong Kong
3616,2.0,2.0,,,,,,,Hong Kong
3617,2.0,2.0,3.0,3.0,,3.0,2.0,3.0,Hong Kong
3618,2.0,1.0,3.0,2.0,,,2.0,,Hong Kong
3619,2.0,2.0,,,4.0,3.0,1.0,1.0,Hong Kong
3620,2.0,2.0,2.0,2.0,2.0,3.0,4.0,4.0,Hong Kong
3621,2.0,2.0,3.0,3.0,3.0,3.0,4.0,3.0,Hong Kong
3622,2.0,2.0,2.0,3.0,2.0,3.0,2.0,4.0,Hong Kong
3623,2.0,2.0,3.0,2.0,3.0,2.0,2.0,3.0,Hong Kong
3624,2.0,,,,,,2.0,4.0,Hong Kong
3625,2.0,2.0,3.0,3.0,2.0,3.0,3.0,,Hong Kong
3626,2.0,2.0,2.0,2.0,2.0,3.0,4.0,4.0,Hong Kong
3627,2.0,3.0,2.0,3.0,2.0,4.0,1.0,,Hong Kong
3628,2.0,2.0,,2.0,2.0,3.0,1.0,3.0,Hong Kong
3629,2.0,2.0,2.0,2.0,2.0,2.0,1.0,3.0,Hong Kong
3630,2.0,2.0,,3.0,2.0,3.0,2.0,3.0,Hong Kong
3631,2.0,3.0,2.0,2.0,3.0,3.0,3.0,5.0,Hong Kong
3632,2.0,1.0,3.0,3.0,2.0,3.0,3.0,3.0,Hong Kong
3633,2.0,2.0,3.0,3.0,2.0,3.0,2.0,4.0,Hong Kong
3634,2.0,2.0,2.0,4.0,2.0,4.0,4.0,,Hong Kong
3635,2.0,2.0,3.0,2.0,4.0,2.0,1.0,3.0,Hong Kong
3636,2.0,2.0,2.0,2.0,2.0,3.0,3.0,4.0,Hong Kong
3637,2.0,2.0,1.0,2.0,4.0,2.0,1.0,1.0,Hong Kong
3638,2.0,2.0,2.0,2.0,2.0,3.0,3.0,2.0,Hong Kong
3639,2.0,2.0,2.0,3.0,3.0,3.0,2.0,3.0,Hong Kong
3640,2.0,2.0,2.0,3.0,2.0,3.0,1.0,1.0,Hong Kong
3641,2.0,2.0,2.0,3.0,2.0,3.0,3.0,4.0,Hong Kong
3642,2.0,2.0,3.0,2.0,,3.0,1.0,4.0,Hong Kong
3643,2.0,2.0,3.0,3.0,2.0,3.0,2.0,3.0,Hong Kong
3644,2.0,2.0,2.0,3.0,,3.0,2.0,,Hong Kong
3645,2.0,2.0,3.0,2.0,3.0,2.0,4.0,,Hong Kong
3646,2.0,2.0,3.0,,3.0,,2.0,2.0,Hong Kong
3647,2.0,3.0,2.0,2.0,2.0,3.0,2.0,4.0,Hong Kong
3648,2.0,2.0,3.0,,,,3.0,,Hong Kong
3649,2.0,2.0,3.0,2.0,3.0,3.0,2.0,4.0,Hong Kong
3650,2.0,2.0,2.0,3.0,2.0,3.0,2.0,3.0,Hong Kong
3651,2.0,2.0,2.0,2.0,2.0,3.0,2.0,2.0,Hong Kong
3652,2.0,2.0,3.0,2.0,3.0,2.0,2.0,3.0,Hong Kong
3653,2.0,2.0,,2.0,2.0,3.0,1.0,,Hong Kong
3654,2.0,2.0,3.0,3.0,2.0,3.0,4.0,4.0,Hong Kong
3655,2.0,2.0,3.0,2.0,4.0,2.0,3.0,2.0,Hong Kong
3656,2.0,3.0,1.0,3.0,2.0,4.0,2.0,4.0,Hong Kong
3657,2.0,2.0,3.0,3.0,3.0,3.0,3.0,2.0,Hong Kong
3658,2.0,2.0,3.0,3.0,,3.0,2.0,2.0,Hong Kong
3659,2.0,2.0,3.0,2.0,2.0,3.0,4.0,4.0,Hong Kong
3660,2.0,3.0,2.0,3.0,3.0,3.0,3.0,4.0,Hong Kong
3661,2.0,2.0,2.0,3.0,4.0,3.0,3.0,2.0,Hong Kong
3662,2.0,2.0,2.0,2.0,2.0,3.0,1.0,1.0,Hong Kong
3663,2.0,3.0,2.0,2.0,3.0,3.0,2.0,2.0,Hong Kong
3664,2.0,2.0,3.0,3.0,3.0,3.0,2.0,3.0,Hong Kong
3665,2.0,1.0,,2.0,3.0,3.0,1.0,2.0,Hong Kong
3666,2.0,3.0,2.0,3.0,1.0,3.0,4.0,5.0,Hong Kong
3667,2.0,2.0,2.0,2.0,3.0,3.0,2.0,3.0,Hong Kong
3668,2.0,2.0,3.0,2.0,3.0,2.0,2.0,1.0,Hong Kong
3669,2.0,3.0,2.0,3.0,2.0,3.0,3.0,3.0,Hong Kong
3670,2.0,2.0,3.0,3.0,2.0,3.0,3.0,2.0,Hong Kong
3671,2.0,2.0,2.0,4.0,2.0,3.0,2.0,,Hong Kong
3672,2.0,3.0,3.0,3.0,3.0,3.0,3.0,3.0,Hong Kong
3673,2.0,2.0,2.0,2.0,1.0,3.0,3.0,4.0,Hong Kong
3674,2.0,2.0,,2.0,2.0,3.0,2.0,4.0,Hong Kong
3675,2.0,2.0,,3.0,2.0,3.0,2.0,2.0,Hong Kong
3676,2.0,1.0,3.0,2.0,4.0,2.0,2.0,3.0,Hong Kong
3677,2.0,3.0,,3.0,2.0,3.0,4.0,3.0,Hong Kong
3678,2.0,2.0,3.0,3.0,3.0,3.0,4.0,2.0,Hong Kong
3679,2.0,2.0,3.0,2.0,,3.0,2.0,4.0,Hong Kong
3680,2.0,2.0,3.0,2.0,3.0,2.0,2.0,3.0,Hong Kong
3681,2.0,3.0,3.0,2.0,3.0,2.0,1.0,2.0,Hong Kong
3682,2.0,2.0,3.0,3.0,2.0,3.0,3.0,4.0,Hong Kong
3683,2.0,1.0,,3.0,4.0,3.0,2.0,2.0,Hong Kong
3684,2.0,2.0,2.0,3.0,2.0,3.0,1.0,3.0,Hong Kong
3685,2.0,3.0,2.0,3.0,3.0,3.0,4.0,4.0,Hong Kong
3686,2.0,2.0,,,,3.0,2.0,,Hong Kong
3687,2.0,2.0,3.0,3.0,,3.0,2.0,3.0,Hong Kong
3688,2.0,2.0,3.0,2.0,,3.0,3.0,3.0,Hong Kong
3689,2.0,2.0,2.0,,2.0,3.0,3.0,3.0,Hong Kong
3690,2.0,2.0,4.0,2.0,2.0,3.0,3.0,3.0,Hong Kong
3691,2.0,2.0,3.0,2.0,2.0,3.0,3.0,3.0,Hong Kong
3692,2.0,2.0,2.0,3.0,3.0,3.0,1.0,,Hong Kong
3693,2.0,2.0,,2.0,3.0,2.0,3.0,3.0,Hong Kong
3694,2.0,2.0,2.0,3.0,2.0,3.0,2.0,2.0,Hong Kong
3695,2.0,2.0,,3.0,,3.0,3.0,,Hong Kong
3696,2.0,3.0,3.0,3.0,5.0,3.0,3.0,,Hong Kong
3697,2.0,3.0,3.0,2.0,2.0,2.0,3.0,3.0,Hong Kong
3698,2.0,3.0,3.0,3.0,2.0,3.0,4.0,3.0,Hong Kong
3699,2.0,2.0,2.0,2.0,2.0,3.0,2.0,4.0,Hong Kong
3700,2.0,2.0,3.0,,,,3.0,,Hong Kong
3701,2.0,2.0,2.0,2.0,2.0,3.0,3.0,2.0,Hong Kong
3702,2.0,2.0,3.0,2.0,3.0,,1.0,3.0,Hong Kong
3703,2.0,2.0,2.0,3.0,2.0,3.0,3.0,2.0,Hong Kong
3704,2.0,2.0,3.0,3.0,3.0,2.0,4.0,4.0,Hong Kong
3705,2.0,2.0,3.0,2.0,2.0,3.0,2.0,3.0,Hong Kong
3706,2.0,2.0,3.0,2.0,3.0,3.0,4.0,4.0,Hong Kong
3707,2.0,2.0,2.0,3.0,2.0,3.0,4.0,4.0,Hong Kong
3708,2.0,2.0,3.0,2.0,2.0,3.0,4.0,3.0,Hong Kong
3709,2.0,2.0,1.0,3.0,1.0,3.0,2.0,5.0,Hong Kong
3710,2.0,2.0,3.0,2.0,2.0,3.0,2.0,3.0,Hong Kong
3711,2.0,2.0,2.0,3.0,,3.0,1.0,,Hong Kong
3712,2.0,2.0,,2.0,,2.0,3.0,2.0,Hong Kong
3713,2.0,2.0,2.0,3.0,2.0,2.0,4.0,3.0,Hong Kong
3714,2.0,3.0,2.0,3.0,1.0,3.0,2.0,4.0,Hong Kong
3715,2.0,2.0,2.0,3.0,2.0,3.0,2.0,4.0,Hong Kong
3716,2.0,2.0,2.0,2.0,2.0,3.0,4.0,3.0,Hong Kong
3717,2.0,2.0,3.0,2.0,4.0,2.0,4.0,3.0,Hong Kong
3718,2.0,,,,,,1.0,1.0,Hong Kong
3719,2.0,2.0,1.0,2.0,4.0,4.0,2.0,3.0,Hong Kong
3720,2.0,2.0,2.0,2.0,4.0,2.0,2.0,4.0,Hong Kong
3721,2.0,2.0,3.0,3.0,2.0,3.0,2.0,4.0,Hong Kong
3722,2.0,1.0,3.0,2.0,4.0,2.0,3.0,2.0,Hong Kong
3723,2.0,2.0,,2.0,3.0,3.0,3.0,2.0,Hong Kong
3724,2.0,2.0,3.0,3.0,2.0,3.0,2.0,4.0,Hong Kong
3725,2.0,2.0,,3.0,3.0,3.0,2.0,3.0,Hong Kong
3726,2.0,3.0,2.0,2.0,2.0,2.0,1.0,2.0,Hong Kong
3727,2.0,2.0,2.0,3.0,3.0,3.0,4.0,,Hong Kong
3728,2.0,2.0,3.0,2.0,3.0,3.0,1.0,3.0,Hong Kong
3729,2.0,2.0,3.0,2.0,,3.0,1.0,2.0,Hong Kong
3730,2.0,2.0,2.0,2.0,4.0,2.0,4.0,4.0,Hong Kong
3731,2.0,3.0,,2.0,4.0,1.0,4.0,4.0,Hong Kong
3732,2.0,2.0,3.0,2.0,3.0,2.0,2.0,4.0,Hong Kong
3733,2.0,2.0,3.0,3.0,2.0,3.0,2.0,,Hong Kong
3734,2.0,2.0,3.0,2.0,3.0,3.0,4.0,2.0,Hong Kong
3735,2.0,2.0,2.0,3.0,2.0,3.0,2.0,3.0,Hong Kong
3736,2.0,2.0,2.0,2.0,3.0,2.0,3.0,3.0,Hong Kong
3737,2.0,2.0,2.0,3.0,,3.0,2.0,2.0,Hong Kong
3738,2.0,3.0,2.0,,2.0,3.0,4.0,4.0,Hong Kong
3739,2.0,2.0,3.0,3.0,3.0,3.0,3.0,4.0,Hong Kong
3740,2.0,3.0,3.0,3.0,3.0,3.0,3.0,3.0,Hong Kong
3741,2.0,2.0,3.0,2.0,,2.0,,3.0,Hong Kong
3742,2.0,2.0,3.0,2.0,2.0,3.0,2.0,3.0,Hong Kong
3743,2.0,2.0,2.0,3.0,2.0,3.0,3.0,2.0,Hong Kong
3744,2.0,2.0,3.0,,3.0,3.0,2.0,2.0,Hong Kong
3745,2.0,2.0,3.0,2.0,4.0,3.0,3.0,3.0,Hong Kong
3746,2.0,2.0,2.0,3.0,,3.0,2.0,2.0,Hong Kong
3747,2.0,2.0,3.0,3.0,3.0,3.0,3.0,3.0,Hong Kong
3748,2.0,2.0,2.0,3.0,2.0,3.0,,3.0,Hong Kong
3749,2.0,2.0,3.0,3.0,4.0,2.0,4.0,4.0,Hong Kong
3750,2.0,2.0,2.0,3.0,2.0,3.0,2.0,4.0,Hong Kong
3751,2.0,2.0,3.0,2.0,3.0,3.0,2.0,2.0,Hong Kong
3752,2.0,2.0,,2.0,4.0,2.0,3.0,3.0,Hong Kong
3753,2.0,2.0,2.0,2.0,2.0,2.0,2.0,3.0,Hong Kong
3754,2.0,2.0,3.0,2.0,2.0,2.0,2.0,3.0,Hong Kong
3755,2.0,2.0,2.0,2.0,1.0,3.0,2.0,2.0,Hong Kong
3756,2.0,2.0,3.0,2.0,3.0,3.0,2.0,3.0,Hong Kong
3757,2.0,2.0,,3.0,2.0,3.0,3.0,2.0,Hong Kong
3758,2.0,2.0,3.0,2.0,3.0,3.0,4.0,4.0,Hong Kong
3759,2.0,2.0,2.0,2.0,2.0,3.0,4.0,4.0,Hong Kong
3760,2.0,3.0,2.0,3.0,1.0,3.0,1.0,3.0,Hong Kong
3761,2.0,2.0,3.0,3.0,2.0,3.0,1.0,,Hong Kong
3762,2.0,2.0,3.0,2.0,,3.0,3.0,2.0,Hong Kong
3763,2.0,2.0,2.0,2.0,3.0,2.0,4.0,3.0,Hong Kong
3764,2.0,2.0,3.0,2.0,3.0,2.0,3.0,2.0,Hong Kong
3765,2.0,2.0,2.0,3.0,2.0,3.0,2.0,3.0,Hong Kong
3766,2.0,2.0,3.0,3.0,2.0,3.0,2.0,3.0,Hong Kong
3767,2.0,2.0,2.0,2.0,2.0,3.0,2.0,3.0,Hong Kong
3768,2.0,2.0,3.0,,4.0,,3.0,3.0,Hong Kong
3769,2.0,2.0,,2.0,2.0,3.0,2.0,4.0,Hong Kong
3770,2.0,2.0,3.0,2.0,4.0,2.0,3.0,2.0,Hong Kong
3771,2.0,3.0,1.0,3.0,2.0,4.0,2.0,3.0,Hong Kong
3772,2.0,3.0,2.0,3.0,2.0,3.0,3.0,3.0,Hong Kong
3773,2.0,2.0,3.0,3.0,2.0,3.0,4.0,4.0,Hong Kong
3774,2.0,2.0,2.0,3.0,,3.0,4.0,4.0,Hong Kong
3775,2.0,1.0,2.0,,2.0,,3.0,3.0,Hong Kong
3776,2.0,2.0,,3.0,3.0,3.0,1.0,1.0,Hong Kong
3777,2.0,1.0,,3.0,3.0,,3.0,,Hong Kong
3778,2.0,2.0,3.0,3.0,3.0,3.0,2.0,,Hong Kong
3779,2.0,,3.0,2.0,4.0,2.0,4.0,4.0,Hong Kong
3780,2.0,,,,,,3.0,,Hong Kong
3781,2.0,2.0,2.0,3.0,2.0,3.0,3.0,3.0,Hong Kong
3782,2.0,2.0,1.0,3.0,1.0,3.0,2.0,3.0,Hong Kong
3783,2.0,2.0,2.0,3.0,2.0,3.0,3.0,4.0,Hong Kong
3784,2.0,1.0,3.0,2.0,3.0,3.0,3.0,3.0,Hong Kong
3785,2.0,2.0,3.0,,3.0,3.0,2.0,3.0,Hong Kong
3786,2.0,2.0,3.0,3.0,1.0,3.0,4.0,3.0,Hong Kong
3787,2.0,2.0,3.0,2.0,3.0,2.0,2.0,2.0,Hong Kong
3788,2.0,2.0,3.0,,3.0,2.0,2.0,,Hong Kong
3789,2.0,1.0,2.0,2.0,3.0,2.0,2.0,3.0,Hong Kong
3790,2.0,3.0,4.0,2.0,,2.0,3.0,4.0,Hong Kong
3791,2.0,2.0,3.0,2.0,4.0,3.0,4.0,3.0,Hong Kong
3792,2.0,2.0,3.0,2.0,,3.0,3.0,2.0,Hong Kong
3793,2.0,2.0,2.0,3.0,2.0,3.0,2.0,2.0,Hong Kong
3794,2.0,2.0,3.0,3.0,2.0,3.0,2.0,4.0,Hong Kong
3795,2.0,2.0,2.0,3.0,4.0,3.0,2.0,3.0,Hong Kong
3796,2.0,2.0,2.0,3.0,2.0,3.0,2.0,4.0,Hong Kong
3797,2.0,2.0,2.0,2.0,2.0,3.0,2.0,3.0,Hong Kong
3798,2.0,2.0,2.0,2.0,3.0,2.0,3.0,1.0,Hong Kong
3799,2.0,2.0,3.0,2.0,4.0,2.0,3.0,3.0,Hong Kong
3800,2.0,2.0,3.0,3.0,2.0,3.0,4.0,4.0,Hong Kong
3801,2.0,2.0,2.0,3.0,3.0,3.0,3.0,3.0,Hong Kong
3802,2.0,2.0,,2.0,3.0,3.0,2.0,3.0,Hong Kong
3803,2.0,2.0,3.0,2.0,3.0,2.0,3.0,3.0,Hong Kong
3804,2.0,2.0,2.0,2.0,2.0,3.0,1.0,,Hong Kong
3805,2.0,2.0,3.0,2.0,2.0,2.0,3.0,4.0,Hong Kong
3806,2.0,2.0,3.0,,2.0,3.0,4.0,4.0,Hong Kong
3807,2.0,2.0,2.0,3.0,2.0,3.0,2.0,3.0,Hong Kong
3808,2.0,2.0,3.0,3.0,3.0,3.0,2.0,3.0,Hong Kong
3809,2.0,2.0,,3.0,,3.0,3.0,,Hong Kong
3810,2.0,2.0,,3.0,3.0,3.0,3.0,4.0,Hong Kong
3811,2.0,2.0,2.0,2.0,3.0,2.0,3.0,2.0,Hong Kong
3812,2.0,,2.0,2.0,2.0,3.0,3.0,3.0,Hong Kong
3813,2.0,2.0,3.0,,,2.0,1.0,4.0,Hong Kong
3814,2.0,2.0,3.0,2.0,4.0,2.0,2.0,3.0,Hong Kong
3815,2.0,2.0,2.0,3.0,2.0,3.0,,4.0,Hong Kong
3816,2.0,2.0,2.0,3.0,2.0,4.0,3.0,1.0,Hong Kong
3817,2.0,2.0,,2.0,4.0,2.0,4.0,4.0,Hong Kong
3818,2.0,3.0,2.0,2.0,3.0,3.0,3.0,3.0,Hong Kong
3819,2.0,3.0,2.0,3.0,2.0,3.0,4.0,4.0,Hong Kong
3820,2.0,2.0,2.0,3.0,2.0,3.0,2.0,1.0,Hong Kong
3821,2.0,2.0,2.0,3.0,2.0,3.0,2.0,2.0,Hong Kong
3822,2.0,2.0,3.0,2.0,3.0,3.0,2.0,3.0,Hong Kong
3823,2.0,,3.0,3.0,2.0,3.0,1.0,4.0,Hong Kong
3824,2.0,2.0,,3.0,3.0,3.0,2.0,4.0,Hong Kong
3825,2.0,2.0,3.0,2.0,,2.0,2.0,,Hong Kong
3826,2.0,3.0,2.0,4.0,1.0,4.0,4.0,3.0,Hong Kong
3827,2.0,2.0,3.0,2.0,2.0,3.0,1.0,4.0,Hong Kong
3828,2.0,2.0,3.0,2.0,3.0,3.0,1.0,4.0,Hong Kong
3829,2.0,2.0,3.0,3.0,2.0,3.0,2.0,4.0,Hong Kong
3830,2.0,3.0,3.0,3.0,4.0,2.0,3.0,3.0,Hong Kong
3831,2.0,2.0,2.0,3.0,2.0,3.0,3.0,3.0,Hong Kong
3832,2.0,2.0,3.0,3.0,2.0,3.0,1.0,2.0,Hong Kong
3833,2.0,2.0,2.0,3.0,3.0,3.0,4.0,2.0,Hong Kong
3834,2.0,2.0,3.0,2.0,2.0,2.0,2.0,4.0,Hong Kong
3835,2.0,2.0,,2.0,,2.0,2.0,2.0,Hong Kong
3836,2.0,2.0,3.0,2.0,3.0,3.0,3.0,3.0,Hong Kong
3837,2.0,2.0,,3.0,2.0,3.0,3.0,3.0,Hong Kong
3838,2.0,2.0,,2.0,,2.0,2.0,,Hong Kong
3839,2.0,2.0,3.0,3.0,,2.0,2.0,3.0,Hong Kong
3840,2.0,2.0,2.0,2.0,3.0,2.0,2.0,3.0,Hong Kong
3841,2.0,2.0,2.0,3.0,2.0,3.0,3.0,2.0,Hong Kong
3842,2.0,2.0,3.0,2.0,,3.0,2.0,,Hong Kong
3843,2.0,2.0,2.0,2.0,3.0,2.0,1.0,,Hong Kong
3844,2.0,2.0,2.0,3.0,4.0,3.0,2.0,2.0,Hong Kong
3845,2.0,2.0,,,,,,,Hong Kong
3846,2.0,1.0,2.0,3.0,2.0,3.0,2.0,1.0,Hong Kong
3847,2.0,3.0,3.0,3.0,3.0,3.0,3.0,4.0,Hong Kong
3848,2.0,,,2.0,,2.0,1.0,2.0,Hong Kong
3849,2.0,2.0,1.0,3.0,2.0,3.0,3.0,3.0,Hong Kong
3850,2.0,2.0,2.0,2.0,3.0,3.0,2.0,,Hong Kong
3851,2.0,2.0,3.0,,3.0,3.0,2.0,3.0,Hong Kong
3852,2.0,3.0,2.0,3.0,1.0,3.0,1.0,4.0,Hong Kong
3853,2.0,2.0,2.0,2.0,2.0,3.0,4.0,4.0,Hong Kong
3854,2.0,2.0,3.0,2.0,2.0,2.0,3.0,2.0,Hong Kong
3855,2.0,1.0,2.0,4.0,2.0,4.0,1.0,4.0,Hong Kong
3856,2.0,,1.0,4.0,1.0,3.0,4.0,,Hong Kong
3857,2.0,2.0,,3.0,,,2.0,2.0,Hong Kong
3858,2.0,2.0,2.0,2.0,2.0,3.0,2.0,4.0,Hong Kong
3859,2.0,2.0,3.0,3.0,2.0,3.0,2.0,3.0,Hong Kong
3860,2.0,1.0,3.0,3.0,2.0,3.0,3.0,2.0,Hong Kong
3861,2.0,2.0,3.0,3.0,,2.0,3.0,2.0,Hong Kong
3862,2.0,2.0,3.0,3.0,2.0,3.0,3.0,3.0,Hong Kong
3863,2.0,3.0,3.0,2.0,4.0,3.0,2.0,4.0,Hong Kong
3864,2.0,3.0,,2.0,,2.0,2.0,4.0,Hong Kong
3865,2.0,2.0,3.0,2.0,3.0,3.0,2.0,2.0,Hong Kong
3866,2.0,3.0,3.0,,2.0,,3.0,5.0,Hong Kong
3867,2.0,2.0,2.0,3.0,3.0,2.0,3.0,4.0,Hong Kong
3868,2.0,,3.0,,4.0,2.0,3.0,3.0,Hong Kong
3869,2.0,3.0,1.0,3.0,3.0,3.0,2.0,2.0,Hong Kong
3870,2.0,2.0,3.0,3.0,2.0,3.0,2.0,3.0,Hong Kong
3871,2.0,2.0,3.0,2.0,3.0,2.0,1.0,3.0,Hong Kong
3872,2.0,2.0,3.0,2.0,2.0,4.0,4.0,5.0,Hong Kong
3873,2.0,2.0,3.0,2.0,4.0,2.0,2.0,3.0,Hong Kong
3874,2.0,3.0,2.0,3.0,1.0,4.0,2.0,4.0,Hong Kong
3875,2.0,,3.0,4.0,2.0,3.0,2.0,3.0,Hong Kong
3876,2.0,2.0,,4.0,3.0,4.0,2.0,2.0,Hong Kong
3877,2.0,2.0,3.0,3.0,2.0,,1.0,,Hong Kong
3878,2.0,2.0,3.0,2.0,3.0,2.0,2.0,4.0,Hong Kong
3879,2.0,3.0,,3.0,3.0,3.0,2.0,2.0,Hong Kong
3880,2.0,,2.0,3.0,3.0,3.0,2.0,3.0,Hong Kong
3881,2.0,2.0,3.0,3.0,2.0,3.0,3.0,3.0,Hong Kong
3882,2.0,2.0,,3.0,3.0,3.0,2.0,3.0,Hong Kong
3883,2.0,2.0,3.0,3.0,,3.0,1.0,4.0,Hong Kong
3884,2.0,2.0,2.0,2.0,3.0,2.0,3.0,,Hong Kong
3885,2.0,2.0,2.0,2.0,3.0,3.0,3.0,3.0,Hong Kong
3886,2.0,2.0,4.0,2.0,3.0,2.0,3.0,3.0,Hong Kong
3887,2.0,1.0,4.0,3.0,4.0,3.0,1.0,3.0,Hong Kong
3888,2.0,2.0,3.0,3.0,3.0,2.0,1.0,2.0,Hong Kong
3889,2.0,2.0,3.0,3.0,,3.0,3.0,3.0,Hong Kong
3890,2.0,2.0,2.0,3.0,3.0,3.0,2.0,2.0,Hong Kong
3891,2.0,2.0,2.0,,2.0,3.0,4.0,3.0,Hong Kong
3892,2.0,2.0,3.0,3.0,,3.0,4.0,3.0,Hong Kong
3893,2.0,2.0,2.0,2.0,3.0,4.0,4.0,3.0,Hong Kong
3894,2.0,2.0,2.0,3.0,3.0,3.0,3.0,3.0,Hong Kong
3895,2.0,3.0,3.0,3.0,2.0,3.0,4.0,4.0,Hong Kong
3896,2.0,4.0,2.0,2.0,3.0,3.0,2.0,1.0,Hong Kong
3897,2.0,2.0,3.0,2.0,3.0,3.0,2.0,3.0,Hong Kong
3898,2.0,2.0,3.0,2.0,3.0,2.0,3.0,3.0,Hong Kong
3899,2.0,2.0,3.0,2.0,3.0,2.0,3.0,4.0,Hong Kong
3900,2.0,2.0,2.0,2.0,2.0,3.0,4.0,3.0,Hong Kong
3901,2.0,3.0,3.0,3.0,2.0,4.0,5.0,5.0,Hong Kong
3902,2.0,1.0,3.0,2.0,4.0,2.0,3.0,4.0,Hong Kong
3903,2.0,3.0,2.0,3.0,2.0,3.0,3.0,4.0,Hong Kong
3904,2.0,2.0,2.0,3.0,2.0,3.0,2.0,4.0,Hong Kong
3905,2.0,2.0,3.0,,2.0,,4.0,2.0,Hong Kong
3906,2.0,2.0,3.0,2.0,2.0,2.0,2.0,,Hong Kong
3907,2.0,2.0,2.0,2.0,3.0,2.0,1.0,2.0,Hong Kong
3908,2.0,3.0,2.0,3.0,3.0,3.0,3.0,4.0,Hong Kong
3909,2.0,3.0,2.0,3.0,3.0,3.0,3.0,3.0,Hong Kong
3910,2.0,2.0,2.0,2.0,4.0,3.0,1.0,,Hong Kong
3911,2.0,3.0,2.0,3.0,3.0,3.0,4.0,4.0,Hong Kong
3912,2.0,3.0,2.0,3.0,2.0,3.0,2.0,3.0,Hong Kong
3913,2.0,3.0,3.0,3.0,4.0,3.0,4.0,4.0,Hong Kong
3914,2.0,2.0,2.0,2.0,2.0,3.0,4.0,3.0,Hong Kong
3915,2.0,3.0,3.0,2.0,3.0,2.0,2.0,3.0,Hong Kong
3916,2.0,2.0,3.0,2.0,3.0,3.0,2.0,,Hong Kong
3917,2.0,2.0,,,2.0,3.0,2.0,3.0,Hong Kong
3918,2.0,2.0,1.0,2.0,1.0,3.0,2.0,2.0,Hong Kong
3919,2.0,1.0,3.0,,3.0,,2.0,,Hong Kong
3920,2.0,2.0,3.0,2.0,,3.0,3.0,3.0,Hong Kong
3921,2.0,4.0,,,3.0,3.0,2.0,2.0,Hong Kong
3922,2.0,2.0,,,,3.0,3.0,3.0,Hong Kong
3923,2.0,2.0,2.0,3.0,2.0,3.0,2.0,3.0,Hong Kong
3924,2.0,2.0,3.0,3.0,3.0,,3.0,4.0,Hong Kong
3925,2.0,2.0,2.0,2.0,2.0,3.0,3.0,2.0,Hong Kong
3926,2.0,2.0,3.0,,3.0,,2.0,4.0,Hong Kong
3927,2.0,2.0,3.0,3.0,,2.0,,5.0,Hong Kong
3928,2.0,2.0,,,,,2.0,,Hong Kong
3929,2.0,2.0,3.0,,,3.0,2.0,2.0,Hong Kong
3930,2.0,3.0,,3.0,4.0,3.0,2.0,,Hong Kong
3931,2.0,2.0,3.0,3.0,2.0,2.0,1.0,3.0,Hong Kong
3932,2.0,2.0,,3.0,,,2.0,,Hong Kong
3933,2.0,3.0,2.0,3.0,1.0,4.0,4.0,4.0,Hong Kong
3934,2.0,2.0,3.0,3.0,2.0,3.0,4.0,2.0,Hong Kong
3935,2.0,2.0,2.0,3.0,1.0,3.0,2.0,3.0,Hong Kong
3936,2.0,2.0,,2.0,2.0,4.0,3.0,2.0,Hong Kong
3937,2.0,2.0,2.0,2.0,,2.0,2.0,3.0,Hong Kong
3938,2.0,2.0,2.0,2.0,3.0,3.0,4.0,4.0,Hong Kong
3939,2.0,2.0,2.0,3.0,2.0,3.0,3.0,3.0,Hong Kong
3940,2.0,2.0,3.0,2.0,,3.0,2.0,3.0,Hong Kong
3941,2.0,2.0,3.0,2.0,3.0,3.0,4.0,3.0,Hong Kong
3942,2.0,2.0,3.0,2.0,3.0,3.0,2.0,4.0,Hong Kong
3943,2.0,1.0,2.0,3.0,3.0,3.0,3.0,3.0,Hong Kong
3944,2.0,2.0,2.0,3.0,2.0,3.0,3.0,3.0,Hong Kong
3945,2.0,,,3.0,2.0,3.0,3.0,3.0,Hong Kong
3946,2.0,2.0,3.0,,3.0,3.0,2.0,,Hong Kong
3947,2.0,3.0,3.0,3.0,2.0,4.0,3.0,2.0,Hong Kong
3948,2.0,2.0,2.0,3.0,2.0,3.0,2.0,3.0,Hong Kong
3949,2.0,2.0,,,3.0,3.0,3.0,1.0,Hong Kong
3950,2.0,2.0,,,,,2.0,2.0,Hong Kong
3951,2.0,3.0,3.0,2.0,3.0,3.0,2.0,4.0,Hong Kong
3952,2.0,2.0,,2.0,2.0,3.0,2.0,1.0,Hong Kong
3953,2.0,2.0,2.0,3.0,2.0,3.0,1.0,4.0,Hong Kong
3954,2.0,,3.0,3.0,2.0,3.0,2.0,,Hong Kong
3955,2.0,2.0,3.0,3.0,2.0,2.0,1.0,2.0,Hong Kong
3956,2.0,3.0,2.0,2.0,2.0,3.0,3.0,4.0,Hong Kong
3957,2.0,2.0,,3.0,,3.0,2.0,,Hong Kong
3958,2.0,3.0,3.0,3.0,4.0,2.0,3.0,4.0,Hong Kong
3959,2.0,2.0,3.0,2.0,2.0,3.0,2.0,3.0,Hong Kong
3960,2.0,2.0,,2.0,2.0,3.0,2.0,4.0,Hong Kong
3961,2.0,2.0,3.0,2.0,3.0,3.0,3.0,,Hong Kong
3962,2.0,2.0,3.0,,2.0,3.0,2.0,,Hong Kong
3963,2.0,1.0,3.0,3.0,3.0,3.0,4.0,3.0,Hong Kong
3964,2.0,3.0,,3.0,4.0,3.0,1.0,4.0,Hong Kong
3965,2.0,2.0,2.0,,1.0,3.0,2.0,3.0,Hong Kong
3966,2.0,2.0,2.0,3.0,3.0,3.0,4.0,3.0,Hong Kong
3967,2.0,2.0,,2.0,,3.0,2.0,4.0,Hong Kong
3968,2.0,2.0,,2.0,3.0,,2.0,4.0,Hong Kong
3969,2.0,,,,,,3.0,3.0,Hong Kong
3970,2.0,,2.0,,,,2.0,,Hong Kong
3971,2.0,2.0,2.0,2.0,2.0,3.0,2.0,4.0,Hong Kong
3972,2.0,2.0,2.0,3.0,1.0,3.0,2.0,4.0,Hong Kong
3973,2.0,2.0,3.0,3.0,2.0,3.0,2.0,3.0,Hong Kong
3974,2.0,4.0,1.0,4.0,1.0,4.0,1.0,,Hong Kong
3975,2.0,2.0,3.0,3.0,3.0,3.0,3.0,2.0,Hong Kong
3976,2.0,1.0,3.0,2.0,3.0,2.0,2.0,3.0,Hong Kong
3977,2.0,2.0,,3.0,,3.0,4.0,4.0,Hong Kong
3978,2.0,2.0,2.0,2.0,,3.0,2.0,2.0,Hong Kong
3979,2.0,3.0,2.0,2.0,2.0,4.0,2.0,2.0,Hong Kong
3980,2.0,2.0,2.0,3.0,3.0,3.0,3.0,3.0,Hong Kong
3981,2.0,2.0,3.0,2.0,,3.0,3.0,3.0,Hong Kong
3982,2.0,2.0,2.0,2.0,2.0,3.0,3.0,5.0,Hong Kong
3983,2.0,2.0,,2.0,4.0,2.0,2.0,3.0,Hong Kong
3984,2.0,3.0,3.0,3.0,4.0,3.0,4.0,3.0,Hong Kong
3985,2.0,2.0,,2.0,4.0,2.0,4.0,2.0,Hong Kong
3986,2.0,2.0,3.0,2.0,3.0,2.0,3.0,3.0,Hong Kong
3987,2.0,2.0,1.0,2.0,2.0,3.0,2.0,,Hong Kong
3988,2.0,2.0,2.0,3.0,2.0,3.0,3.0,,Hong Kong
3989,2.0,3.0,3.0,2.0,2.0,3.0,3.0,4.0,Hong Kong
3990,2.0,2.0,,3.0,3.0,4.0,5.0,4.0,Hong Kong
3991,2.0,1.0,3.0,2.0,,4.0,1.0,2.0,Hong Kong
3992,2.0,2.0,2.0,2.0,2.0,3.0,3.0,4.0,Hong Kong
3993,2.0,2.0,2.0,3.0,2.0,4.0,3.0,2.0,Hong Kong
