,country,q027,q029,q127,q098,q130,q106,q131,q005,q006,q111,name
6912,5.0,2.0,2.0,2.0,3.0,2.0,4.0,1.0,3.0,3.0,4.0,Thailand
6913,5.0,2.0,1.0,3.0,3.0,2.0,4.0,2.0,4.0,3.0,5.0,Thailand
6914,5.0,2.0,,3.0,4.0,1.0,3.0,1.0,4.0,4.0,4.0,Thailand
6915,5.0,,2.0,3.0,4.0,2.0,5.0,2.0,3.0,2.0,4.0,Thailand
6916,5.0,2.0,1.0,2.0,4.0,2.0,4.0,2.0,2.0,3.0,4.0,Thailand
6917,5.0,2.0,1.0,3.0,3.0,3.0,4.0,3.0,5.0,2.0,3.0,Thailand
6918,5.0,2.0,2.0,3.0,2.0,4.0,4.0,3.0,3.0,3.0,4.0,Thailand
6919,5.0,2.0,1.0,2.0,2.0,2.0,5.0,2.0,3.0,2.0,4.0,Thailand
6920,5.0,2.0,2.0,2.0,2.0,2.0,5.0,2.0,3.0,2.0,5.0,Thailand
6921,5.0,2.0,2.0,2.0,2.0,2.0,5.0,2.0,3.0,3.0,4.0,Thailand
6922,5.0,2.0,2.0,2.0,2.0,1.0,4.0,2.0,2.0,2.0,4.0,Thailand
6923,5.0,2.0,2.0,2.0,1.0,1.0,4.0,2.0,4.0,3.0,4.0,Thailand
6924,5.0,2.0,2.0,3.0,1.0,2.0,4.0,3.0,2.0,3.0,5.0,Thailand
6925,5.0,2.0,2.0,3.0,2.0,2.0,5.0,3.0,4.0,3.0,4.0,Thailand
6926,5.0,2.0,2.0,3.0,2.0,2.0,4.0,1.0,3.0,2.0,4.0,Thailand
6927,5.0,2.0,2.0,3.0,2.0,2.0,4.0,3.0,2.0,3.0,5.0,Thailand
6928,5.0,2.0,2.0,4.0,3.0,1.0,4.0,2.0,3.0,3.0,4.0,Thailand
6929,5.0,2.0,1.0,3.0,3.0,2.0,5.0,2.0,3.0,4.0,4.0,Thailand
6930,5.0,2.0,1.0,3.0,3.0,2.0,5.0,2.0,3.0,4.0,3.0,Thailand
6931,5.0,2.0,2.0,4.0,3.0,2.0,5.0,2.0,3.0,4.0,5.0,Thailand
6932,5.0,2.0,1.0,3.0,2.0,4.0,2.0,1.0,4.0,3.0,2.0,Thailand
6933,5.0,2.0,1.0,3.0,2.0,4.0,2.0,1.0,4.0,4.0,2.0,Thailand
6934,5.0,2.0,1.0,3.0,2.0,2.0,2.0,3.0,2.0,4.0,2.0,Thailand
6935,5.0,2.0,1.0,3.0,2.0,2.0,2.0,3.0,3.0,4.0,4.0,Thailand
6936,5.0,2.0,2.0,2.0,3.0,2.0,2.0,2.0,4.0,4.0,4.0,Thailand
6937,5.0,2.0,2.0,3.0,3.0,2.0,1.0,2.0,4.0,4.0,4.0,Thailand
6938,5.0,2.0,2.0,,2.0,,,,2.0,3.0,4.0,Thailand
6939,5.0,2.0,2.0,,1.0,,,,3.0,3.0,4.0,Thailand
6940,5.0,2.0,1.0,,3.0,,2.0,,2.0,2.0,4.0,Thailand
6941,5.0,2.0,1.0,,3.0,,2.0,,2.0,3.0,4.0,Thailand
6942,5.0,2.0,1.0,,3.0,,2.0,,1.0,4.0,4.0,Thailand
6943,5.0,1.0,2.0,,3.0,,,,4.0,4.0,4.0,Thailand
6944,5.0,2.0,2.0,,3.0,,,,4.0,4.0,4.0,Thailand
6945,5.0,2.0,2.0,,3.0,,4.0,,4.0,4.0,4.0,Thailand
6946,5.0,2.0,2.0,2.0,3.0,2.0,2.0,2.0,4.0,4.0,4.0,Thailand
6947,5.0,2.0,2.0,2.0,3.0,2.0,2.0,2.0,3.0,4.0,3.0,Thailand
6948,5.0,2.0,1.0,2.0,3.0,2.0,3.0,3.0,3.0,3.0,4.0,Thailand
6949,5.0,2.0,2.0,2.0,3.0,3.0,3.0,2.0,4.0,3.0,4.0,Thailand
6950,5.0,2.0,1.0,3.0,4.0,2.0,2.0,2.0,4.0,4.0,4.0,Thailand
6951,5.0,2.0,2.0,2.0,3.0,2.0,3.0,2.0,3.0,4.0,2.0,Thailand
6952,5.0,2.0,1.0,3.0,3.0,2.0,2.0,1.0,1.0,3.0,4.0,Thailand
6953,5.0,2.0,1.0,4.0,2.0,1.0,4.0,3.0,3.0,4.0,4.0,Thailand
6954,5.0,2.0,1.0,4.0,3.0,1.0,4.0,3.0,5.0,5.0,5.0,Thailand
6955,5.0,2.0,1.0,1.0,3.0,,4.0,1.0,3.0,2.0,4.0,Thailand
6956,5.0,2.0,1.0,1.0,3.0,2.0,4.0,1.0,2.0,2.0,4.0,Thailand
6957,5.0,2.0,1.0,2.0,4.0,1.0,5.0,2.0,2.0,4.0,4.0,Thailand
6958,5.0,2.0,1.0,3.0,3.0,1.0,5.0,3.0,2.0,4.0,4.0,Thailand
6959,5.0,2.0,1.0,4.0,4.0,1.0,5.0,4.0,5.0,5.0,5.0,Thailand
6960,5.0,2.0,1.0,4.0,2.0,1.0,2.0,2.0,3.0,4.0,4.0,Thailand
6961,5.0,2.0,1.0,3.0,3.0,2.0,,1.0,2.0,2.0,5.0,Thailand
6962,5.0,2.0,1.0,2.0,4.0,1.0,4.0,2.0,2.0,2.0,5.0,Thailand
6963,5.0,2.0,1.0,4.0,2.0,3.0,2.0,4.0,3.0,2.0,4.0,Thailand
6964,5.0,2.0,1.0,4.0,3.0,4.0,1.0,3.0,3.0,3.0,,Thailand
6965,5.0,2.0,1.0,2.0,3.0,1.0,4.0,1.0,3.0,4.0,4.0,Thailand
6966,5.0,2.0,1.0,2.0,3.0,2.0,4.0,2.0,2.0,4.0,4.0,Thailand
6967,5.0,2.0,1.0,3.0,3.0,1.0,5.0,2.0,2.0,3.0,4.0,Thailand
6968,5.0,2.0,1.0,3.0,3.0,1.0,3.0,2.0,4.0,4.0,5.0,Thailand
6969,5.0,2.0,1.0,2.0,3.0,3.0,3.0,1.0,4.0,4.0,5.0,Thailand
6970,5.0,2.0,1.0,,4.0,,,,4.0,3.0,,Thailand
6971,5.0,2.0,1.0,,3.0,,,,3.0,4.0,,Thailand
6972,5.0,2.0,2.0,3.0,3.0,2.0,2.0,3.0,3.0,4.0,4.0,Thailand
6973,5.0,2.0,2.0,3.0,3.0,3.0,3.0,2.0,4.0,4.0,3.0,Thailand
6974,5.0,2.0,2.0,4.0,4.0,2.0,3.0,2.0,4.0,3.0,4.0,Thailand
6975,5.0,2.0,2.0,4.0,3.0,2.0,2.0,2.0,3.0,3.0,4.0,Thailand
6976,5.0,2.0,1.0,3.0,3.0,2.0,2.0,3.0,4.0,4.0,3.0,Thailand
6977,5.0,2.0,1.0,3.0,3.0,2.0,2.0,2.0,4.0,4.0,2.0,Thailand
6978,5.0,2.0,2.0,3.0,3.0,2.0,2.0,3.0,3.0,3.0,2.0,Thailand
6979,5.0,2.0,2.0,3.0,3.0,3.0,4.0,3.0,4.0,4.0,4.0,Thailand
6980,5.0,2.0,2.0,3.0,2.0,3.0,4.0,3.0,4.0,4.0,4.0,Thailand
6981,5.0,2.0,2.0,2.0,3.0,3.0,4.0,2.0,4.0,4.0,2.0,Thailand
6982,5.0,2.0,2.0,2.0,3.0,3.0,4.0,3.0,4.0,5.0,2.0,Thailand
6983,5.0,2.0,2.0,1.0,3.0,2.0,4.0,3.0,5.0,3.0,4.0,Thailand
6984,5.0,2.0,2.0,1.0,3.0,3.0,4.0,2.0,5.0,3.0,4.0,Thailand
6985,5.0,2.0,2.0,2.0,3.0,2.0,4.0,2.0,5.0,4.0,4.0,Thailand
6986,5.0,2.0,2.0,1.0,3.0,2.0,4.0,2.0,4.0,4.0,3.0,Thailand
6987,5.0,2.0,2.0,3.0,3.0,3.0,4.0,2.0,5.0,4.0,2.0,Thailand
6988,5.0,2.0,2.0,4.0,3.0,2.0,4.0,3.0,4.0,3.0,4.0,Thailand
6989,5.0,2.0,2.0,1.0,3.0,2.0,3.0,2.0,3.0,4.0,4.0,Thailand
6990,5.0,2.0,2.0,2.0,2.0,2.0,2.0,2.0,4.0,4.0,3.0,Thailand
6991,5.0,2.0,2.0,1.0,3.0,2.0,4.0,2.0,4.0,4.0,2.0,Thailand
6992,5.0,2.0,2.0,1.0,3.0,1.0,4.0,2.0,3.0,4.0,4.0,Thailand
6993,5.0,2.0,1.0,1.0,3.0,2.0,4.0,2.0,3.0,1.0,4.0,Thailand
6994,5.0,2.0,2.0,2.0,3.0,2.0,4.0,2.0,2.0,4.0,4.0,Thailand
6995,5.0,2.0,1.0,2.0,3.0,2.0,4.0,3.0,2.0,4.0,4.0,Thailand
6996,5.0,2.0,1.0,2.0,3.0,2.0,4.0,3.0,3.0,3.0,5.0,Thailand
6997,5.0,2.0,1.0,2.0,4.0,2.0,4.0,2.0,4.0,3.0,5.0,Thailand
6998,5.0,2.0,1.0,2.0,4.0,2.0,5.0,2.0,4.0,3.0,5.0,Thailand
6999,5.0,2.0,2.0,2.0,3.0,2.0,3.0,2.0,4.0,4.0,4.0,Thailand
7000,5.0,2.0,2.0,2.0,3.0,3.0,3.0,2.0,3.0,4.0,4.0,Thailand
7001,5.0,2.0,2.0,1.0,3.0,3.0,4.0,1.0,2.0,4.0,4.0,Thailand
7002,5.0,2.0,2.0,1.0,3.0,2.0,4.0,1.0,4.0,4.0,4.0,Thailand
7003,5.0,2.0,1.0,1.0,3.0,2.0,3.0,1.0,4.0,3.0,4.0,Thailand
7004,5.0,2.0,1.0,1.0,3.0,2.0,3.0,1.0,4.0,3.0,4.0,Thailand
7005,5.0,2.0,1.0,2.0,3.0,2.0,3.0,1.0,4.0,3.0,2.0,Thailand
7006,5.0,2.0,,2.0,3.0,3.0,4.0,2.0,3.0,4.0,2.0,Thailand
7007,5.0,2.0,1.0,1.0,3.0,3.0,4.0,2.0,3.0,4.0,2.0,Thailand
7008,5.0,2.0,1.0,1.0,3.0,2.0,5.0,2.0,4.0,2.0,1.0,Thailand
7009,5.0,2.0,,1.0,4.0,2.0,5.0,2.0,4.0,1.0,1.0,Thailand
7010,5.0,2.0,1.0,1.0,4.0,2.0,5.0,2.0,1.0,1.0,1.0,Thailand
7011,5.0,2.0,1.0,1.0,3.0,3.0,5.0,2.0,1.0,2.0,1.0,Thailand
7012,5.0,2.0,2.0,4.0,3.0,3.0,4.0,3.0,4.0,4.0,4.0,Thailand
7013,5.0,2.0,2.0,3.0,3.0,1.0,3.0,1.0,3.0,1.0,5.0,Thailand
7014,5.0,2.0,2.0,4.0,3.0,1.0,2.0,3.0,2.0,3.0,4.0,Thailand
7015,5.0,2.0,2.0,1.0,3.0,2.0,5.0,1.0,3.0,3.0,3.0,Thailand
7016,5.0,1.0,2.0,1.0,3.0,1.0,5.0,2.0,4.0,3.0,2.0,Thailand
7017,5.0,2.0,1.0,3.0,4.0,1.0,5.0,2.0,3.0,3.0,4.0,Thailand
7018,5.0,2.0,1.0,1.0,4.0,1.0,5.0,1.0,4.0,3.0,3.0,Thailand
7019,5.0,2.0,2.0,3.0,3.0,1.0,3.0,2.0,4.0,4.0,2.0,Thailand
7020,5.0,2.0,2.0,2.0,3.0,2.0,3.0,2.0,4.0,4.0,2.0,Thailand
7021,5.0,2.0,2.0,2.0,4.0,2.0,4.0,2.0,4.0,4.0,2.0,Thailand
7022,5.0,2.0,2.0,1.0,4.0,2.0,3.0,2.0,4.0,3.0,2.0,Thailand
7023,5.0,2.0,2.0,3.0,3.0,2.0,5.0,2.0,4.0,4.0,2.0,Thailand
7024,5.0,2.0,2.0,3.0,3.0,2.0,4.0,3.0,3.0,4.0,2.0,Thailand
7025,5.0,2.0,1.0,3.0,2.0,2.0,3.0,1.0,4.0,3.0,2.0,Thailand
7026,5.0,1.0,1.0,1.0,2.0,4.0,3.0,4.0,3.0,4.0,2.0,Thailand
7027,5.0,2.0,2.0,1.0,3.0,2.0,4.0,2.0,4.0,5.0,3.0,Thailand
7028,5.0,2.0,1.0,3.0,3.0,1.0,4.0,2.0,3.0,5.0,2.0,Thailand
7029,5.0,1.0,1.0,2.0,4.0,2.0,3.0,2.0,3.0,4.0,4.0,Thailand
7030,5.0,1.0,1.0,1.0,4.0,2.0,3.0,2.0,4.0,4.0,4.0,Thailand
7031,5.0,2.0,1.0,3.0,3.0,4.0,4.0,3.0,3.0,3.0,3.0,Thailand
7032,5.0,2.0,1.0,3.0,4.0,1.0,4.0,2.0,3.0,4.0,4.0,Thailand
7033,5.0,1.0,2.0,3.0,3.0,1.0,3.0,2.0,2.0,5.0,4.0,Thailand
7034,5.0,2.0,2.0,4.0,4.0,1.0,4.0,3.0,2.0,4.0,4.0,Thailand
7035,5.0,2.0,1.0,2.0,4.0,1.0,2.0,3.0,4.0,4.0,4.0,Thailand
7036,5.0,2.0,2.0,2.0,4.0,2.0,3.0,3.0,3.0,4.0,4.0,Thailand
7037,5.0,2.0,2.0,3.0,3.0,2.0,4.0,3.0,4.0,5.0,4.0,Thailand
7038,5.0,2.0,2.0,4.0,3.0,2.0,3.0,3.0,4.0,4.0,4.0,Thailand
7039,5.0,2.0,1.0,4.0,4.0,2.0,2.0,1.0,4.0,3.0,4.0,Thailand
7040,5.0,2.0,2.0,4.0,4.0,2.0,2.0,1.0,2.0,3.0,4.0,Thailand
7041,5.0,2.0,2.0,3.0,4.0,1.0,4.0,3.0,2.0,3.0,4.0,Thailand
7042,5.0,2.0,2.0,1.0,3.0,2.0,4.0,1.0,2.0,3.0,2.0,Thailand
7043,5.0,2.0,2.0,4.0,3.0,1.0,3.0,1.0,4.0,4.0,5.0,Thailand
7044,5.0,2.0,2.0,1.0,3.0,1.0,4.0,1.0,4.0,3.0,3.0,Thailand
7045,5.0,1.0,,1.0,3.0,1.0,4.0,1.0,5.0,5.0,5.0,Thailand
7046,5.0,2.0,2.0,2.0,3.0,1.0,2.0,4.0,3.0,3.0,2.0,Thailand
7047,5.0,2.0,2.0,2.0,3.0,2.0,4.0,3.0,3.0,3.0,2.0,Thailand
7048,5.0,2.0,2.0,2.0,3.0,2.0,3.0,3.0,3.0,4.0,2.0,Thailand
7049,5.0,2.0,2.0,1.0,4.0,1.0,4.0,3.0,2.0,4.0,4.0,Thailand
7050,5.0,2.0,1.0,1.0,4.0,1.0,4.0,3.0,3.0,3.0,4.0,Thailand
7051,5.0,2.0,2.0,3.0,3.0,1.0,4.0,3.0,3.0,4.0,4.0,Thailand
7052,5.0,2.0,2.0,2.0,2.0,3.0,3.0,2.0,2.0,4.0,2.0,Thailand
7053,5.0,2.0,2.0,2.0,2.0,2.0,2.0,2.0,4.0,4.0,4.0,Thailand
7054,5.0,2.0,1.0,2.0,2.0,2.0,3.0,2.0,1.0,4.0,4.0,Thailand
7055,5.0,2.0,2.0,4.0,3.0,2.0,4.0,3.0,2.0,4.0,4.0,Thailand
7056,5.0,2.0,2.0,3.0,3.0,2.0,3.0,3.0,3.0,3.0,2.0,Thailand
7057,5.0,2.0,1.0,1.0,2.0,4.0,3.0,3.0,2.0,3.0,3.0,Thailand
7058,5.0,2.0,1.0,1.0,3.0,4.0,3.0,3.0,3.0,3.0,3.0,Thailand
7059,5.0,2.0,2.0,4.0,3.0,2.0,2.0,4.0,2.0,4.0,5.0,Thailand
7060,5.0,2.0,,4.0,2.0,2.0,2.0,3.0,4.0,4.0,2.0,Thailand
7061,5.0,2.0,,4.0,1.0,2.0,2.0,3.0,3.0,4.0,4.0,Thailand
7062,5.0,2.0,2.0,4.0,2.0,4.0,2.0,3.0,3.0,4.0,4.0,Thailand
7063,5.0,2.0,1.0,4.0,2.0,4.0,2.0,4.0,2.0,4.0,4.0,Thailand
7064,5.0,2.0,2.0,4.0,3.0,3.0,2.0,3.0,4.0,4.0,4.0,Thailand
7065,5.0,2.0,2.0,4.0,4.0,1.0,4.0,2.0,3.0,4.0,4.0,Thailand
7066,5.0,2.0,2.0,2.0,3.0,1.0,5.0,2.0,3.0,4.0,4.0,Thailand
7067,5.0,2.0,2.0,4.0,2.0,1.0,3.0,2.0,4.0,4.0,4.0,Thailand
7068,5.0,2.0,2.0,4.0,2.0,2.0,3.0,3.0,4.0,4.0,4.0,Thailand
7069,5.0,2.0,2.0,2.0,3.0,3.0,2.0,3.0,4.0,4.0,4.0,Thailand
7070,5.0,2.0,2.0,2.0,2.0,2.0,4.0,4.0,3.0,4.0,4.0,Thailand
7071,5.0,1.0,1.0,4.0,3.0,1.0,4.0,1.0,4.0,4.0,4.0,Thailand
7072,5.0,2.0,2.0,4.0,3.0,1.0,4.0,1.0,3.0,4.0,4.0,Thailand
7073,5.0,2.0,1.0,4.0,3.0,1.0,4.0,1.0,2.0,4.0,4.0,Thailand
7074,5.0,2.0,2.0,2.0,3.0,1.0,3.0,2.0,2.0,4.0,4.0,Thailand
7075,5.0,2.0,2.0,,3.0,1.0,2.0,1.0,1.0,5.0,4.0,Thailand
7076,5.0,2.0,2.0,1.0,3.0,1.0,1.0,1.0,4.0,5.0,4.0,Thailand
7077,5.0,2.0,1.0,1.0,3.0,1.0,4.0,1.0,4.0,4.0,4.0,Thailand
7078,5.0,2.0,1.0,1.0,3.0,1.0,4.0,1.0,4.0,4.0,4.0,Thailand
7079,5.0,1.0,2.0,1.0,3.0,1.0,4.0,1.0,3.0,3.0,4.0,Thailand
7080,5.0,1.0,1.0,2.0,4.0,,,2.0,2.0,2.0,,Thailand
7081,5.0,2.0,2.0,1.0,4.0,1.0,4.0,4.0,4.0,5.0,4.0,Thailand
7082,5.0,,1.0,2.0,3.0,1.0,2.0,3.0,4.0,5.0,4.0,Thailand
7083,5.0,2.0,2.0,1.0,3.0,2.0,4.0,3.0,4.0,4.0,4.0,Thailand
7084,5.0,2.0,2.0,2.0,2.0,3.0,2.0,3.0,2.0,4.0,2.0,Thailand
7085,5.0,2.0,2.0,2.0,2.0,3.0,3.0,3.0,2.0,4.0,2.0,Thailand
7086,5.0,2.0,2.0,3.0,3.0,2.0,4.0,2.0,3.0,4.0,4.0,Thailand
7087,5.0,2.0,2.0,3.0,3.0,2.0,4.0,2.0,3.0,3.0,4.0,Thailand
7088,5.0,2.0,1.0,2.0,2.0,2.0,3.0,2.0,3.0,3.0,3.0,Thailand
7089,5.0,2.0,2.0,4.0,4.0,2.0,5.0,3.0,3.0,3.0,2.0,Thailand
7090,5.0,2.0,2.0,3.0,2.0,2.0,4.0,2.0,4.0,4.0,4.0,Thailand
7091,5.0,2.0,2.0,2.0,3.0,2.0,4.0,1.0,5.0,5.0,4.0,Thailand
7092,5.0,2.0,2.0,2.0,2.0,2.0,3.0,2.0,3.0,3.0,3.0,Thailand
7093,5.0,2.0,2.0,3.0,2.0,3.0,3.0,2.0,3.0,3.0,3.0,Thailand
7094,5.0,2.0,2.0,3.0,3.0,3.0,4.0,1.0,4.0,5.0,4.0,Thailand
7095,5.0,2.0,2.0,,3.0,,4.0,1.0,3.0,4.0,4.0,Thailand
7096,5.0,2.0,2.0,,3.0,,4.0,1.0,3.0,3.0,3.0,Thailand
7097,5.0,2.0,2.0,3.0,3.0,1.0,4.0,3.0,2.0,3.0,3.0,Thailand
7098,5.0,2.0,2.0,3.0,3.0,2.0,3.0,3.0,3.0,3.0,3.0,Thailand
7099,5.0,2.0,1.0,1.0,3.0,1.0,2.0,1.0,4.0,5.0,4.0,Thailand
7100,5.0,2.0,1.0,4.0,2.0,1.0,2.0,1.0,3.0,4.0,4.0,Thailand
7101,5.0,2.0,1.0,2.0,3.0,2.0,4.0,2.0,4.0,5.0,4.0,Thailand
7102,5.0,2.0,2.0,2.0,4.0,1.0,5.0,1.0,5.0,5.0,4.0,Thailand
7103,5.0,2.0,1.0,2.0,3.0,1.0,5.0,1.0,4.0,3.0,4.0,Thailand
7104,5.0,2.0,2.0,1.0,2.0,2.0,4.0,1.0,4.0,4.0,4.0,Thailand
7105,5.0,2.0,2.0,3.0,2.0,3.0,4.0,4.0,4.0,5.0,5.0,Thailand
7106,5.0,2.0,2.0,3.0,3.0,3.0,3.0,3.0,1.0,3.0,4.0,Thailand
7107,5.0,2.0,1.0,3.0,4.0,2.0,3.0,4.0,2.0,4.0,4.0,Thailand
7108,5.0,2.0,1.0,3.0,3.0,3.0,3.0,4.0,4.0,4.0,4.0,Thailand
7109,5.0,2.0,2.0,2.0,3.0,2.0,4.0,2.0,2.0,4.0,2.0,Thailand
7110,5.0,2.0,2.0,2.0,3.0,2.0,4.0,2.0,3.0,4.0,4.0,Thailand
7111,5.0,2.0,2.0,2.0,3.0,2.0,4.0,2.0,3.0,4.0,4.0,Thailand
7112,5.0,1.0,,3.0,2.0,3.0,3.0,2.0,3.0,4.0,3.0,Thailand
7113,5.0,2.0,2.0,2.0,2.0,3.0,3.0,2.0,3.0,4.0,3.0,Thailand
7114,5.0,2.0,1.0,3.0,2.0,3.0,3.0,2.0,3.0,4.0,4.0,Thailand
7115,5.0,2.0,2.0,3.0,2.0,1.0,3.0,3.0,3.0,3.0,5.0,Thailand
7116,5.0,2.0,2.0,4.0,2.0,2.0,4.0,4.0,4.0,4.0,4.0,Thailand
7117,5.0,2.0,2.0,2.0,3.0,2.0,4.0,2.0,4.0,3.0,4.0,Thailand
7118,5.0,2.0,1.0,2.0,3.0,2.0,4.0,2.0,3.0,3.0,4.0,Thailand
7119,5.0,2.0,1.0,2.0,3.0,2.0,4.0,3.0,3.0,3.0,4.0,Thailand
7120,5.0,2.0,2.0,2.0,3.0,2.0,3.0,2.0,2.0,3.0,4.0,Thailand
7121,5.0,2.0,2.0,1.0,3.0,2.0,4.0,2.0,3.0,3.0,4.0,Thailand
7122,5.0,2.0,2.0,4.0,3.0,3.0,2.0,3.0,1.0,4.0,4.0,Thailand
7123,5.0,2.0,2.0,4.0,3.0,3.0,3.0,3.0,1.0,1.0,4.0,Thailand
7124,5.0,2.0,2.0,4.0,3.0,3.0,3.0,3.0,4.0,4.0,4.0,Thailand
7125,5.0,2.0,2.0,4.0,4.0,2.0,5.0,3.0,3.0,3.0,2.0,Thailand
7126,5.0,2.0,2.0,2.0,3.0,3.0,3.0,3.0,3.0,4.0,2.0,Thailand
7127,5.0,2.0,1.0,3.0,3.0,2.0,3.0,3.0,4.0,4.0,2.0,Thailand
7128,5.0,2.0,1.0,4.0,2.0,4.0,4.0,4.0,2.0,3.0,4.0,Thailand
7129,5.0,2.0,2.0,4.0,3.0,3.0,3.0,3.0,4.0,4.0,4.0,Thailand
7130,5.0,2.0,1.0,1.0,3.0,1.0,4.0,3.0,4.0,4.0,4.0,Thailand
7131,5.0,2.0,2.0,2.0,3.0,3.0,4.0,2.0,4.0,4.0,3.0,Thailand
7132,5.0,2.0,2.0,2.0,3.0,2.0,4.0,2.0,4.0,2.0,4.0,Thailand
7133,5.0,2.0,1.0,3.0,4.0,2.0,1.0,,4.0,5.0,4.0,Thailand
7134,5.0,2.0,2.0,3.0,2.0,3.0,3.0,3.0,4.0,5.0,2.0,Thailand
7135,5.0,2.0,1.0,1.0,3.0,2.0,4.0,2.0,3.0,4.0,3.0,Thailand
7136,5.0,2.0,1.0,1.0,3.0,2.0,3.0,2.0,3.0,5.0,4.0,Thailand
7137,5.0,2.0,1.0,1.0,2.0,3.0,2.0,2.0,3.0,3.0,4.0,Thailand
7138,5.0,2.0,2.0,3.0,1.0,3.0,1.0,4.0,3.0,4.0,1.0,Thailand
7139,5.0,2.0,2.0,3.0,1.0,3.0,2.0,4.0,3.0,4.0,1.0,Thailand
7140,5.0,2.0,2.0,2.0,3.0,2.0,2.0,2.0,3.0,4.0,4.0,Thailand
7141,5.0,2.0,2.0,2.0,3.0,2.0,3.0,2.0,4.0,4.0,4.0,Thailand
7142,5.0,,2.0,4.0,4.0,3.0,4.0,2.0,5.0,5.0,4.0,Thailand
7143,5.0,,1.0,2.0,3.0,2.0,4.0,2.0,1.0,5.0,4.0,Thailand
7144,5.0,2.0,1.0,3.0,2.0,3.0,4.0,2.0,4.0,5.0,4.0,Thailand
7145,5.0,,1.0,3.0,2.0,2.0,5.0,2.0,3.0,4.0,4.0,Thailand
7146,5.0,,1.0,2.0,3.0,3.0,3.0,3.0,4.0,4.0,2.0,Thailand
7147,5.0,2.0,2.0,2.0,3.0,3.0,4.0,3.0,3.0,3.0,4.0,Thailand
7148,5.0,2.0,2.0,3.0,3.0,3.0,4.0,2.0,3.0,4.0,4.0,Thailand
7149,5.0,2.0,2.0,3.0,3.0,3.0,5.0,2.0,4.0,4.0,4.0,Thailand
7150,5.0,2.0,1.0,2.0,3.0,3.0,4.0,2.0,3.0,4.0,4.0,Thailand
7151,5.0,2.0,2.0,2.0,3.0,3.0,5.0,2.0,2.0,4.0,4.0,Thailand
7152,5.0,2.0,1.0,3.0,2.0,2.0,4.0,2.0,4.0,4.0,4.0,Thailand
7153,5.0,2.0,1.0,3.0,3.0,2.0,4.0,3.0,4.0,4.0,4.0,Thailand
7154,5.0,2.0,1.0,2.0,3.0,2.0,4.0,2.0,4.0,3.0,4.0,Thailand
7155,5.0,2.0,1.0,3.0,3.0,2.0,4.0,2.0,2.0,3.0,4.0,Thailand
7156,5.0,2.0,1.0,2.0,2.0,1.0,3.0,2.0,3.0,3.0,4.0,Thailand
7157,5.0,2.0,2.0,3.0,2.0,2.0,3.0,1.0,4.0,3.0,2.0,Thailand
7158,5.0,2.0,1.0,2.0,3.0,4.0,5.0,4.0,4.0,2.0,3.0,Thailand
7159,5.0,2.0,2.0,3.0,3.0,1.0,5.0,1.0,5.0,4.0,5.0,Thailand
7160,5.0,1.0,2.0,4.0,3.0,1.0,4.0,1.0,2.0,2.0,5.0,Thailand
7161,5.0,2.0,2.0,4.0,2.0,2.0,3.0,3.0,1.0,4.0,4.0,Thailand
7162,5.0,1.0,2.0,3.0,3.0,4.0,4.0,4.0,2.0,4.0,3.0,Thailand
7163,5.0,1.0,2.0,3.0,3.0,3.0,4.0,4.0,2.0,5.0,4.0,Thailand
7164,5.0,1.0,2.0,3.0,3.0,3.0,3.0,3.0,2.0,4.0,3.0,Thailand
7165,5.0,2.0,2.0,2.0,2.0,3.0,1.0,3.0,2.0,4.0,2.0,Thailand
7166,5.0,2.0,2.0,2.0,3.0,3.0,2.0,3.0,3.0,4.0,2.0,Thailand
7167,5.0,2.0,2.0,3.0,3.0,2.0,3.0,4.0,3.0,4.0,3.0,Thailand
7168,5.0,1.0,2.0,4.0,3.0,2.0,4.0,2.0,2.0,4.0,2.0,Thailand
7169,5.0,1.0,2.0,3.0,3.0,3.0,3.0,3.0,3.0,4.0,3.0,Thailand
7170,5.0,2.0,2.0,4.0,3.0,2.0,4.0,3.0,3.0,4.0,2.0,Thailand
7171,5.0,1.0,2.0,3.0,4.0,3.0,4.0,4.0,4.0,4.0,3.0,Thailand
7172,5.0,2.0,2.0,4.0,2.0,2.0,2.0,3.0,2.0,5.0,3.0,Thailand
7173,5.0,2.0,2.0,2.0,2.0,3.0,2.0,3.0,2.0,4.0,2.0,Thailand
7174,5.0,2.0,2.0,3.0,3.0,3.0,1.0,4.0,3.0,2.0,2.0,Thailand
7175,5.0,2.0,2.0,4.0,3.0,3.0,2.0,3.0,1.0,4.0,3.0,Thailand
7176,5.0,1.0,2.0,3.0,3.0,2.0,3.0,2.0,4.0,5.0,2.0,Thailand
7177,5.0,2.0,1.0,3.0,2.0,2.0,2.0,2.0,3.0,4.0,2.0,Thailand
7178,5.0,2.0,2.0,2.0,2.0,3.0,2.0,3.0,2.0,4.0,2.0,Thailand
7179,5.0,1.0,2.0,3.0,3.0,3.0,1.0,3.0,4.0,4.0,3.0,Thailand
7180,5.0,2.0,1.0,4.0,4.0,1.0,3.0,3.0,2.0,4.0,3.0,Thailand
7181,5.0,1.0,1.0,4.0,2.0,2.0,2.0,4.0,3.0,5.0,3.0,Thailand
7182,5.0,2.0,2.0,2.0,3.0,4.0,4.0,3.0,4.0,4.0,3.0,Thailand
7183,5.0,2.0,1.0,1.0,4.0,2.0,3.0,1.0,4.0,3.0,3.0,Thailand
7184,5.0,1.0,1.0,4.0,3.0,4.0,2.0,1.0,3.0,3.0,5.0,Thailand
7185,5.0,2.0,1.0,1.0,2.0,1.0,3.0,2.0,4.0,3.0,4.0,Thailand
7186,5.0,2.0,2.0,1.0,4.0,1.0,2.0,2.0,3.0,4.0,4.0,Thailand
7187,5.0,2.0,2.0,4.0,3.0,1.0,3.0,1.0,4.0,4.0,3.0,Thailand
7188,5.0,2.0,1.0,2.0,2.0,3.0,2.0,4.0,3.0,5.0,3.0,Thailand
7189,5.0,2.0,2.0,2.0,3.0,2.0,5.0,4.0,3.0,4.0,4.0,Thailand
7190,5.0,2.0,2.0,3.0,3.0,4.0,4.0,4.0,3.0,4.0,3.0,Thailand
7191,5.0,2.0,2.0,3.0,3.0,2.0,3.0,2.0,4.0,3.0,3.0,Thailand
7192,5.0,2.0,2.0,2.0,2.0,3.0,4.0,4.0,4.0,3.0,3.0,Thailand
7193,5.0,2.0,2.0,4.0,2.0,2.0,2.0,1.0,3.0,3.0,4.0,Thailand
7194,5.0,2.0,1.0,3.0,3.0,2.0,3.0,2.0,3.0,2.0,3.0,Thailand
7195,5.0,2.0,1.0,2.0,3.0,4.0,4.0,4.0,4.0,3.0,3.0,Thailand
7196,5.0,2.0,2.0,1.0,3.0,2.0,2.0,1.0,3.0,3.0,5.0,Thailand
7197,5.0,2.0,1.0,1.0,2.0,3.0,2.0,1.0,4.0,2.0,4.0,Thailand
7198,5.0,2.0,2.0,2.0,2.0,4.0,3.0,2.0,3.0,3.0,3.0,Thailand
7199,5.0,2.0,2.0,1.0,3.0,4.0,3.0,2.0,4.0,2.0,2.0,Thailand
7200,5.0,2.0,1.0,1.0,3.0,4.0,4.0,1.0,3.0,3.0,3.0,Thailand
7201,5.0,2.0,2.0,2.0,3.0,3.0,4.0,2.0,2.0,2.0,2.0,Thailand
7202,5.0,1.0,2.0,3.0,3.0,1.0,4.0,3.0,2.0,4.0,4.0,Thailand
7203,5.0,1.0,2.0,3.0,3.0,2.0,4.0,3.0,2.0,5.0,4.0,Thailand
7204,5.0,1.0,2.0,3.0,3.0,2.0,3.0,3.0,2.0,4.0,4.0,Thailand
7205,5.0,2.0,2.0,2.0,2.0,1.0,1.0,3.0,2.0,4.0,4.0,Thailand
7206,5.0,2.0,2.0,2.0,3.0,1.0,2.0,3.0,3.0,4.0,4.0,Thailand
7207,5.0,2.0,2.0,1.0,3.0,4.0,3.0,3.0,3.0,4.0,4.0,Thailand
7208,5.0,1.0,2.0,3.0,3.0,1.0,4.0,3.0,2.0,4.0,4.0,Thailand
7209,5.0,1.0,2.0,3.0,3.0,3.0,3.0,3.0,2.0,4.0,4.0,Thailand
7210,5.0,2.0,1.0,3.0,3.0,2.0,4.0,3.0,3.0,4.0,4.0,Thailand
7211,5.0,1.0,1.0,3.0,3.0,3.0,4.0,3.0,3.0,4.0,4.0,Thailand
7212,5.0,2.0,2.0,3.0,4.0,2.0,2.0,3.0,4.0,5.0,4.0,Thailand
7213,5.0,2.0,2.0,3.0,2.0,3.0,2.0,2.0,2.0,4.0,4.0,Thailand
7214,5.0,2.0,2.0,2.0,2.0,2.0,1.0,3.0,2.0,2.0,4.0,Thailand
7215,5.0,2.0,2.0,2.0,3.0,1.0,2.0,2.0,3.0,4.0,3.0,Thailand
7216,5.0,1.0,2.0,2.0,3.0,3.0,3.0,2.0,1.0,5.0,3.0,Thailand
7217,5.0,2.0,1.0,3.0,3.0,1.0,2.0,2.0,4.0,4.0,2.0,Thailand
7218,5.0,2.0,2.0,2.0,2.0,2.0,2.0,1.0,3.0,4.0,4.0,Thailand
7219,5.0,1.0,2.0,2.0,2.0,1.0,1.0,3.0,2.0,4.0,4.0,Thailand
7220,5.0,2.0,1.0,4.0,3.0,1.0,3.0,3.0,4.0,4.0,2.0,Thailand
7221,5.0,1.0,1.0,3.0,4.0,1.0,2.0,1.0,2.0,5.0,4.0,Thailand
7222,5.0,2.0,1.0,3.0,3.0,3.0,5.0,3.0,4.0,4.0,4.0,Thailand
7223,5.0,2.0,1.0,2.0,4.0,2.0,5.0,3.0,4.0,5.0,5.0,Thailand
7224,5.0,2.0,1.0,2.0,3.0,2.0,4.0,2.0,3.0,4.0,4.0,Thailand
7225,5.0,2.0,2.0,1.0,2.0,3.0,3.0,3.0,2.0,4.0,3.0,Thailand
7226,5.0,2.0,1.0,2.0,3.0,2.0,4.0,2.0,4.0,4.0,4.0,Thailand
7227,5.0,2.0,1.0,2.0,3.0,2.0,4.0,2.0,3.0,4.0,5.0,Thailand
7228,5.0,2.0,1.0,3.0,3.0,3.0,4.0,2.0,2.0,4.0,4.0,Thailand
7229,5.0,2.0,2.0,3.0,4.0,2.0,4.0,2.0,1.0,5.0,4.0,Thailand
7230,5.0,2.0,1.0,2.0,3.0,2.0,3.0,2.0,4.0,4.0,3.0,Thailand
7231,5.0,2.0,1.0,2.0,3.0,2.0,4.0,2.0,3.0,4.0,4.0,Thailand
7232,5.0,2.0,2.0,3.0,2.0,2.0,4.0,1.0,3.0,4.0,4.0,Thailand
7233,5.0,2.0,1.0,2.0,3.0,2.0,4.0,2.0,3.0,4.0,5.0,Thailand
7234,5.0,2.0,1.0,3.0,3.0,3.0,5.0,2.0,4.0,5.0,4.0,Thailand
7235,5.0,2.0,2.0,3.0,4.0,2.0,4.0,2.0,4.0,4.0,4.0,Thailand
7236,5.0,2.0,2.0,3.0,3.0,1.0,4.0,1.0,2.0,4.0,4.0,Thailand
7237,5.0,2.0,2.0,4.0,3.0,2.0,4.0,2.0,4.0,4.0,3.0,Thailand
7238,5.0,2.0,1.0,1.0,3.0,2.0,2.0,1.0,4.0,4.0,3.0,Thailand
7239,5.0,2.0,1.0,1.0,3.0,2.0,2.0,1.0,4.0,4.0,3.0,Thailand
7240,5.0,2.0,1.0,4.0,4.0,1.0,3.0,2.0,3.0,5.0,4.0,Thailand
7241,5.0,2.0,2.0,3.0,3.0,3.0,4.0,4.0,4.0,4.0,4.0,Thailand
7242,5.0,2.0,2.0,3.0,3.0,2.0,2.0,2.0,4.0,5.0,4.0,Thailand
7243,5.0,2.0,1.0,3.0,3.0,1.0,2.0,3.0,4.0,3.0,3.0,Thailand
7244,5.0,2.0,1.0,2.0,4.0,3.0,4.0,2.0,4.0,4.0,4.0,Thailand
7245,5.0,2.0,,3.0,3.0,1.0,5.0,3.0,4.0,4.0,5.0,Thailand
7246,5.0,2.0,2.0,4.0,4.0,3.0,4.0,2.0,3.0,4.0,5.0,Thailand
7247,5.0,2.0,1.0,2.0,3.0,2.0,4.0,3.0,2.0,3.0,4.0,Thailand
7248,5.0,2.0,2.0,2.0,4.0,3.0,4.0,3.0,4.0,5.0,5.0,Thailand
7249,5.0,2.0,1.0,2.0,3.0,2.0,4.0,4.0,1.0,3.0,5.0,Thailand
7250,5.0,2.0,1.0,2.0,2.0,1.0,5.0,3.0,2.0,3.0,5.0,Thailand
7251,5.0,1.0,1.0,1.0,3.0,1.0,5.0,1.0,1.0,5.0,5.0,Thailand
7252,5.0,2.0,1.0,1.0,2.0,2.0,5.0,2.0,3.0,3.0,5.0,Thailand
7253,5.0,2.0,2.0,2.0,3.0,2.0,3.0,2.0,4.0,5.0,4.0,Thailand
7254,5.0,2.0,2.0,2.0,3.0,2.0,4.0,3.0,5.0,4.0,3.0,Thailand
7255,5.0,2.0,1.0,1.0,2.0,2.0,5.0,3.0,2.0,3.0,4.0,Thailand
7256,5.0,,1.0,1.0,2.0,1.0,4.0,3.0,4.0,3.0,4.0,Thailand
7257,5.0,2.0,2.0,3.0,4.0,3.0,4.0,3.0,3.0,2.0,4.0,Thailand
7258,5.0,1.0,2.0,3.0,4.0,2.0,4.0,2.0,4.0,5.0,4.0,Thailand
7259,5.0,2.0,1.0,3.0,2.0,3.0,1.0,3.0,3.0,4.0,3.0,Thailand
7260,5.0,,,1.0,2.0,2.0,4.0,1.0,2.0,3.0,5.0,Thailand
7261,5.0,2.0,1.0,1.0,4.0,2.0,4.0,3.0,5.0,4.0,5.0,Thailand
7262,5.0,2.0,1.0,3.0,3.0,1.0,2.0,2.0,4.0,4.0,2.0,Thailand
7263,5.0,2.0,2.0,4.0,4.0,2.0,3.0,3.0,3.0,4.0,2.0,Thailand
7264,5.0,1.0,2.0,3.0,3.0,2.0,3.0,3.0,2.0,4.0,4.0,Thailand
7265,5.0,,,4.0,3.0,1.0,3.0,3.0,4.0,4.0,2.0,Thailand
7266,5.0,2.0,1.0,4.0,2.0,1.0,3.0,3.0,4.0,4.0,3.0,Thailand
7267,5.0,2.0,2.0,3.0,3.0,1.0,4.0,3.0,2.0,4.0,4.0,Thailand
7268,5.0,1.0,2.0,3.0,3.0,2.0,4.0,3.0,3.0,5.0,4.0,Thailand
7269,5.0,1.0,2.0,3.0,3.0,2.0,3.0,3.0,3.0,4.0,4.0,Thailand
7270,5.0,2.0,2.0,3.0,3.0,2.0,3.0,3.0,2.0,4.0,4.0,Thailand
7271,5.0,1.0,2.0,3.0,3.0,1.0,4.0,3.0,4.0,4.0,3.0,Thailand
7272,5.0,,1.0,4.0,3.0,1.0,3.0,3.0,4.0,4.0,4.0,Thailand
7273,5.0,2.0,1.0,3.0,3.0,1.0,4.0,3.0,4.0,4.0,4.0,Thailand
7274,5.0,2.0,1.0,3.0,2.0,3.0,2.0,3.0,3.0,3.0,3.0,Thailand
7275,5.0,2.0,1.0,3.0,3.0,2.0,3.0,2.0,5.0,5.0,5.0,Thailand
7276,5.0,2.0,1.0,4.0,1.0,2.0,3.0,3.0,2.0,4.0,5.0,Thailand
7277,5.0,1.0,1.0,3.0,2.0,3.0,4.0,4.0,4.0,3.0,4.0,Thailand
7278,5.0,,1.0,3.0,3.0,1.0,4.0,3.0,4.0,4.0,4.0,Thailand
7279,5.0,2.0,2.0,3.0,3.0,1.0,3.0,3.0,4.0,4.0,4.0,Thailand
7280,5.0,1.0,2.0,4.0,3.0,2.0,4.0,3.0,2.0,3.0,5.0,Thailand
7281,5.0,2.0,1.0,4.0,4.0,3.0,3.0,3.0,5.0,5.0,5.0,Thailand
7282,5.0,2.0,1.0,2.0,3.0,1.0,3.0,2.0,3.0,5.0,5.0,Thailand
7283,5.0,2.0,2.0,3.0,3.0,1.0,3.0,2.0,3.0,4.0,3.0,Thailand
7284,5.0,1.0,2.0,3.0,1.0,4.0,3.0,4.0,4.0,3.0,3.0,Thailand
7285,5.0,2.0,2.0,1.0,3.0,4.0,3.0,3.0,3.0,4.0,4.0,Thailand
7286,5.0,1.0,2.0,3.0,3.0,1.0,4.0,3.0,2.0,4.0,4.0,Thailand
7287,5.0,1.0,2.0,3.0,3.0,2.0,4.0,3.0,3.0,5.0,4.0,Thailand
7288,5.0,1.0,2.0,3.0,3.0,2.0,3.0,3.0,2.0,4.0,4.0,Thailand
7289,5.0,2.0,2.0,3.0,3.0,2.0,2.0,2.0,4.0,5.0,4.0,Thailand
7290,5.0,2.0,1.0,3.0,3.0,1.0,2.0,3.0,4.0,3.0,3.0,Thailand
7291,5.0,2.0,1.0,2.0,4.0,3.0,4.0,2.0,4.0,4.0,4.0,Thailand
7292,5.0,2.0,,3.0,3.0,1.0,5.0,3.0,4.0,4.0,5.0,Thailand
7293,5.0,2.0,2.0,4.0,4.0,3.0,4.0,2.0,3.0,4.0,5.0,Thailand
7294,5.0,2.0,1.0,2.0,3.0,2.0,4.0,3.0,2.0,3.0,4.0,Thailand
7295,5.0,2.0,2.0,2.0,4.0,3.0,4.0,3.0,4.0,5.0,5.0,Thailand
7296,5.0,2.0,1.0,2.0,3.0,2.0,4.0,4.0,1.0,3.0,5.0,Thailand
7297,5.0,2.0,1.0,3.0,2.0,1.0,5.0,3.0,2.0,3.0,5.0,Thailand
7298,5.0,,1.0,4.0,2.0,1.0,4.0,2.0,2.0,4.0,4.0,Thailand
7299,5.0,,1.0,4.0,2.0,1.0,5.0,2.0,2.0,3.0,4.0,Thailand
7300,5.0,,2.0,1.0,2.0,2.0,4.0,1.0,2.0,3.0,5.0,Thailand
7301,5.0,2.0,1.0,1.0,4.0,2.0,4.0,3.0,5.0,4.0,5.0,Thailand
7302,5.0,2.0,1.0,1.0,3.0,4.0,4.0,3.0,4.0,4.0,3.0,Thailand
7303,5.0,2.0,2.0,2.0,3.0,3.0,4.0,2.0,5.0,5.0,4.0,Thailand
7304,5.0,2.0,1.0,3.0,3.0,2.0,5.0,3.0,4.0,4.0,2.0,Thailand
7305,5.0,2.0,1.0,2.0,4.0,1.0,3.0,3.0,5.0,5.0,5.0,Thailand
7306,5.0,2.0,1.0,4.0,2.0,2.0,3.0,3.0,4.0,4.0,4.0,Thailand
7307,5.0,2.0,2.0,3.0,3.0,4.0,4.0,4.0,4.0,4.0,5.0,Thailand
7308,5.0,2.0,2.0,2.0,4.0,3.0,2.0,1.0,4.0,5.0,4.0,Thailand
7309,5.0,2.0,1.0,2.0,4.0,4.0,3.0,2.0,5.0,5.0,3.0,Thailand
7310,5.0,2.0,2.0,2.0,2.0,4.0,3.0,3.0,3.0,4.0,3.0,Thailand
7311,5.0,2.0,1.0,4.0,3.0,2.0,4.0,2.0,4.0,4.0,4.0,Thailand
7312,5.0,2.0,1.0,4.0,3.0,2.0,4.0,3.0,4.0,4.0,2.0,Thailand
7313,5.0,2.0,1.0,2.0,4.0,2.0,4.0,4.0,3.0,5.0,3.0,Thailand
7314,5.0,2.0,2.0,3.0,3.0,3.0,2.0,4.0,3.0,4.0,4.0,Thailand
7315,5.0,1.0,1.0,3.0,2.0,3.0,1.0,2.0,4.0,3.0,3.0,Thailand
7316,5.0,2.0,2.0,2.0,4.0,2.0,2.0,3.0,3.0,4.0,2.0,Thailand
7317,5.0,2.0,2.0,1.0,4.0,1.0,3.0,3.0,5.0,4.0,3.0,Thailand
7318,5.0,1.0,2.0,3.0,3.0,1.0,3.0,1.0,4.0,4.0,3.0,Thailand
7319,5.0,2.0,1.0,4.0,3.0,3.0,4.0,3.0,3.0,5.0,4.0,Thailand
7320,5.0,2.0,2.0,3.0,2.0,2.0,1.0,2.0,3.0,3.0,5.0,Thailand
7321,5.0,2.0,1.0,4.0,4.0,3.0,2.0,3.0,2.0,4.0,4.0,Thailand
7322,5.0,2.0,2.0,4.0,3.0,2.0,4.0,4.0,3.0,4.0,3.0,Thailand
7323,5.0,2.0,2.0,3.0,3.0,2.0,4.0,2.0,3.0,3.0,3.0,Thailand
7324,5.0,2.0,2.0,2.0,3.0,3.0,4.0,3.0,4.0,4.0,3.0,Thailand
7325,5.0,2.0,1.0,2.0,3.0,4.0,3.0,4.0,4.0,3.0,4.0,Thailand
7326,5.0,2.0,1.0,4.0,2.0,3.0,3.0,4.0,4.0,4.0,4.0,Thailand
7327,5.0,2.0,2.0,3.0,3.0,3.0,4.0,4.0,4.0,3.0,4.0,Thailand
7328,5.0,2.0,2.0,2.0,3.0,4.0,5.0,3.0,3.0,2.0,4.0,Thailand
7329,5.0,2.0,2.0,2.0,2.0,4.0,4.0,2.0,3.0,3.0,4.0,Thailand
7330,5.0,2.0,2.0,4.0,3.0,3.0,4.0,2.0,4.0,4.0,4.0,Thailand
7331,5.0,2.0,2.0,4.0,3.0,2.0,5.0,2.0,3.0,3.0,3.0,Thailand
7332,5.0,2.0,1.0,3.0,4.0,1.0,5.0,4.0,3.0,2.0,3.0,Thailand
7333,5.0,2.0,2.0,2.0,3.0,2.0,4.0,3.0,2.0,4.0,4.0,Thailand
7334,5.0,2.0,2.0,2.0,4.0,4.0,4.0,4.0,2.0,2.0,4.0,Thailand
7335,5.0,2.0,2.0,4.0,4.0,2.0,3.0,3.0,4.0,2.0,4.0,Thailand
7336,5.0,2.0,2.0,4.0,4.0,3.0,3.0,4.0,3.0,2.0,1.0,Thailand
7337,5.0,2.0,2.0,2.0,4.0,3.0,3.0,4.0,2.0,3.0,4.0,Thailand
7338,5.0,2.0,1.0,2.0,3.0,4.0,4.0,2.0,3.0,3.0,4.0,Thailand
7339,5.0,2.0,2.0,2.0,3.0,4.0,4.0,2.0,3.0,4.0,4.0,Thailand
7340,5.0,2.0,2.0,3.0,3.0,2.0,1.0,2.0,2.0,3.0,3.0,Thailand
7341,5.0,2.0,2.0,4.0,3.0,2.0,1.0,4.0,2.0,4.0,2.0,Thailand
7342,5.0,2.0,1.0,3.0,3.0,2.0,3.0,2.0,5.0,5.0,5.0,Thailand
7343,5.0,2.0,1.0,4.0,1.0,2.0,3.0,3.0,2.0,4.0,5.0,Thailand
7344,5.0,1.0,,3.0,2.0,3.0,4.0,4.0,4.0,3.0,4.0,Thailand
7345,5.0,,,3.0,1.0,2.0,4.0,3.0,3.0,4.0,3.0,Thailand
7346,5.0,2.0,1.0,2.0,3.0,4.0,3.0,4.0,4.0,5.0,3.0,Thailand
7347,5.0,2.0,2.0,3.0,3.0,1.0,3.0,3.0,3.0,4.0,4.0,Thailand
7348,5.0,2.0,1.0,3.0,3.0,2.0,3.0,1.0,3.0,4.0,4.0,Thailand
7349,5.0,2.0,2.0,2.0,3.0,2.0,4.0,2.0,5.0,5.0,4.0,Thailand
7350,5.0,2.0,2.0,3.0,3.0,2.0,3.0,2.0,4.0,4.0,4.0,Thailand
7351,5.0,2.0,1.0,2.0,2.0,4.0,4.0,2.0,4.0,4.0,4.0,Thailand
7352,5.0,2.0,1.0,4.0,2.0,1.0,3.0,3.0,4.0,4.0,2.0,Thailand
7353,5.0,2.0,1.0,4.0,2.0,2.0,3.0,1.0,4.0,4.0,3.0,Thailand
7354,5.0,2.0,1.0,4.0,2.0,2.0,4.0,3.0,4.0,4.0,5.0,Thailand
7355,5.0,2.0,2.0,3.0,3.0,2.0,3.0,3.0,4.0,4.0,4.0,Thailand
7356,5.0,2.0,1.0,3.0,1.0,2.0,3.0,1.0,4.0,5.0,3.0,Thailand
7357,5.0,1.0,2.0,3.0,3.0,2.0,3.0,3.0,3.0,4.0,4.0,Thailand
7358,5.0,2.0,1.0,4.0,2.0,3.0,3.0,3.0,2.0,5.0,5.0,Thailand
7359,5.0,2.0,2.0,3.0,2.0,3.0,4.0,2.0,3.0,4.0,3.0,Thailand
7360,5.0,2.0,1.0,3.0,2.0,3.0,3.0,1.0,4.0,4.0,2.0,Thailand
7361,5.0,1.0,2.0,3.0,3.0,2.0,4.0,4.0,3.0,5.0,3.0,Thailand
7362,5.0,2.0,1.0,4.0,3.0,2.0,4.0,3.0,4.0,4.0,4.0,Thailand
7363,5.0,2.0,2.0,4.0,3.0,3.0,2.0,4.0,5.0,5.0,4.0,Thailand
7364,5.0,2.0,1.0,2.0,3.0,2.0,2.0,2.0,4.0,4.0,5.0,Thailand
7365,5.0,2.0,1.0,1.0,4.0,1.0,1.0,1.0,5.0,5.0,4.0,Thailand
7366,5.0,2.0,1.0,3.0,2.0,2.0,4.0,2.0,4.0,4.0,3.0,Thailand
7367,5.0,2.0,2.0,3.0,3.0,2.0,2.0,2.0,4.0,4.0,2.0,Thailand
7368,5.0,2.0,2.0,2.0,4.0,1.0,4.0,4.0,4.0,5.0,3.0,Thailand
7369,5.0,2.0,1.0,2.0,4.0,1.0,3.0,3.0,5.0,5.0,4.0,Thailand
7370,5.0,2.0,2.0,4.0,2.0,3.0,3.0,2.0,3.0,4.0,2.0,Thailand
7371,5.0,2.0,1.0,1.0,3.0,2.0,2.0,1.0,4.0,4.0,3.0,Thailand
7372,5.0,2.0,1.0,1.0,3.0,2.0,2.0,1.0,4.0,4.0,3.0,Thailand
7373,5.0,2.0,1.0,4.0,4.0,1.0,3.0,2.0,3.0,5.0,4.0,Thailand
7374,5.0,2.0,2.0,3.0,3.0,3.0,4.0,4.0,4.0,4.0,4.0,Thailand
7375,5.0,1.0,1.0,3.0,2.0,3.0,4.0,3.0,3.0,3.0,3.0,Thailand
7376,5.0,2.0,2.0,2.0,4.0,1.0,2.0,2.0,5.0,4.0,3.0,Thailand
7377,5.0,2.0,2.0,3.0,4.0,3.0,5.0,2.0,4.0,4.0,5.0,Thailand
7378,5.0,1.0,2.0,1.0,3.0,2.0,1.0,1.0,4.0,4.0,2.0,Thailand
7379,5.0,2.0,1.0,2.0,3.0,1.0,1.0,3.0,4.0,5.0,4.0,Thailand
7380,5.0,2.0,2.0,3.0,2.0,1.0,3.0,3.0,5.0,3.0,5.0,Thailand
7381,5.0,2.0,1.0,4.0,4.0,2.0,1.0,4.0,4.0,4.0,5.0,Thailand
7382,5.0,2.0,2.0,4.0,2.0,2.0,1.0,4.0,3.0,5.0,3.0,Thailand
7383,5.0,2.0,2.0,3.0,3.0,3.0,3.0,2.0,2.0,4.0,3.0,Thailand
7384,5.0,2.0,2.0,2.0,3.0,2.0,3.0,1.0,4.0,5.0,4.0,Thailand
7385,5.0,1.0,,1.0,2.0,2.0,3.0,4.0,2.0,3.0,2.0,Thailand
7386,5.0,2.0,2.0,2.0,2.0,2.0,2.0,3.0,3.0,4.0,2.0,Thailand
7387,5.0,2.0,1.0,2.0,3.0,3.0,4.0,2.0,3.0,4.0,4.0,Thailand
7388,5.0,2.0,1.0,2.0,3.0,3.0,3.0,3.0,3.0,4.0,2.0,Thailand
7389,5.0,2.0,2.0,2.0,2.0,2.0,3.0,2.0,2.0,3.0,2.0,Thailand
7390,5.0,1.0,2.0,3.0,3.0,2.0,3.0,2.0,3.0,3.0,2.0,Thailand
7391,5.0,2.0,1.0,2.0,3.0,2.0,3.0,2.0,3.0,3.0,3.0,Thailand
7392,5.0,2.0,2.0,2.0,3.0,2.0,3.0,1.0,3.0,4.0,3.0,Thailand
7393,5.0,2.0,2.0,2.0,3.0,2.0,3.0,2.0,2.0,4.0,3.0,Thailand
7394,5.0,2.0,2.0,2.0,3.0,1.0,3.0,1.0,3.0,3.0,2.0,Thailand
7395,5.0,2.0,2.0,1.0,2.0,1.0,3.0,2.0,3.0,3.0,3.0,Thailand
7396,5.0,2.0,2.0,2.0,3.0,2.0,3.0,2.0,2.0,3.0,3.0,Thailand
7397,5.0,2.0,2.0,2.0,3.0,1.0,3.0,2.0,3.0,3.0,3.0,Thailand
7398,5.0,2.0,2.0,2.0,3.0,1.0,3.0,1.0,3.0,4.0,2.0,Thailand
7399,5.0,2.0,2.0,2.0,3.0,2.0,3.0,2.0,3.0,3.0,3.0,Thailand
7400,5.0,2.0,2.0,1.0,3.0,2.0,2.0,1.0,2.0,3.0,3.0,Thailand
7401,5.0,2.0,2.0,1.0,3.0,2.0,3.0,2.0,3.0,4.0,3.0,Thailand
7402,5.0,,,2.0,3.0,2.0,5.0,2.0,2.0,,4.0,Thailand
7403,5.0,1.0,2.0,2.0,2.0,2.0,4.0,3.0,3.0,3.0,4.0,Thailand
7404,5.0,2.0,1.0,3.0,3.0,3.0,4.0,3.0,4.0,4.0,4.0,Thailand
7405,5.0,1.0,1.0,4.0,2.0,2.0,1.0,4.0,1.0,1.0,1.0,Thailand
7406,5.0,2.0,2.0,3.0,3.0,2.0,1.0,2.0,2.0,5.0,4.0,Thailand
7407,5.0,2.0,2.0,2.0,2.0,1.0,4.0,3.0,2.0,3.0,2.0,Thailand
7408,5.0,2.0,1.0,2.0,3.0,4.0,3.0,2.0,4.0,4.0,4.0,Thailand
7409,5.0,2.0,1.0,2.0,2.0,2.0,3.0,2.0,3.0,3.0,4.0,Thailand
7410,5.0,1.0,2.0,2.0,2.0,1.0,3.0,4.0,3.0,3.0,2.0,Thailand
7411,5.0,1.0,2.0,1.0,1.0,1.0,4.0,3.0,4.0,4.0,2.0,Thailand
7412,5.0,2.0,2.0,3.0,2.0,3.0,4.0,2.0,3.0,4.0,3.0,Thailand
7413,5.0,1.0,2.0,4.0,2.0,3.0,4.0,,3.0,4.0,4.0,Thailand
7414,5.0,1.0,2.0,1.0,3.0,1.0,4.0,4.0,4.0,5.0,4.0,Thailand
7415,5.0,2.0,2.0,1.0,2.0,2.0,4.0,2.0,4.0,4.0,4.0,Thailand
7416,5.0,2.0,1.0,1.0,2.0,3.0,3.0,3.0,4.0,4.0,4.0,Thailand
7417,5.0,2.0,2.0,4.0,2.0,1.0,4.0,4.0,1.0,3.0,2.0,Thailand
7418,5.0,2.0,2.0,2.0,1.0,2.0,3.0,3.0,1.0,5.0,4.0,Thailand
7419,5.0,2.0,2.0,3.0,2.0,4.0,4.0,2.0,3.0,3.0,4.0,Thailand
7420,5.0,2.0,1.0,2.0,2.0,2.0,3.0,2.0,3.0,4.0,4.0,Thailand
7421,5.0,2.0,1.0,1.0,3.0,3.0,4.0,1.0,3.0,4.0,3.0,Thailand
7422,5.0,,2.0,2.0,3.0,1.0,3.0,2.0,4.0,5.0,4.0,Thailand
7423,5.0,2.0,2.0,2.0,3.0,4.0,3.0,2.0,2.0,2.0,3.0,Thailand
7424,5.0,2.0,1.0,4.0,3.0,3.0,3.0,4.0,2.0,4.0,1.0,Thailand
7425,5.0,2.0,1.0,1.0,4.0,2.0,4.0,1.0,3.0,4.0,4.0,Thailand
7426,5.0,2.0,2.0,2.0,3.0,1.0,4.0,2.0,3.0,4.0,4.0,Thailand
7427,5.0,2.0,1.0,2.0,4.0,2.0,5.0,2.0,3.0,5.0,5.0,Thailand
7428,5.0,2.0,2.0,4.0,3.0,3.0,2.0,4.0,5.0,3.0,5.0,Thailand
7429,5.0,2.0,1.0,2.0,3.0,3.0,2.0,3.0,2.0,4.0,4.0,Thailand
7430,5.0,2.0,,1.0,3.0,2.0,4.0,2.0,3.0,5.0,3.0,Thailand
7431,5.0,2.0,2.0,2.0,3.0,2.0,4.0,3.0,2.0,5.0,5.0,Thailand
7432,5.0,2.0,,2.0,4.0,2.0,4.0,2.0,4.0,3.0,4.0,Thailand
7433,5.0,2.0,2.0,2.0,2.0,1.0,2.0,3.0,2.0,4.0,3.0,Thailand
7434,5.0,2.0,2.0,2.0,3.0,1.0,3.0,1.0,4.0,5.0,2.0,Thailand
7435,5.0,2.0,1.0,2.0,2.0,3.0,3.0,4.0,2.0,4.0,2.0,Thailand
7436,5.0,2.0,1.0,2.0,2.0,2.0,3.0,2.0,3.0,4.0,2.0,Thailand
7437,5.0,2.0,2.0,3.0,3.0,2.0,4.0,1.0,4.0,4.0,4.0,Thailand
7438,5.0,1.0,2.0,2.0,2.0,1.0,4.0,4.0,2.0,4.0,4.0,Thailand
7439,5.0,1.0,2.0,2.0,3.0,1.0,3.0,2.0,2.0,4.0,4.0,Thailand
7440,5.0,2.0,1.0,3.0,3.0,2.0,3.0,1.0,3.0,5.0,3.0,Thailand
7441,5.0,2.0,1.0,4.0,3.0,2.0,3.0,3.0,3.0,4.0,3.0,Thailand
7442,5.0,2.0,1.0,3.0,3.0,2.0,4.0,2.0,5.0,5.0,5.0,Thailand
7443,5.0,2.0,1.0,2.0,4.0,2.0,2.0,1.0,4.0,5.0,4.0,Thailand
7444,5.0,2.0,2.0,2.0,2.0,3.0,2.0,4.0,5.0,5.0,4.0,Thailand
7445,5.0,2.0,1.0,2.0,4.0,3.0,2.0,2.0,4.0,5.0,4.0,Thailand
7446,5.0,1.0,,3.0,3.0,3.0,2.0,2.0,2.0,5.0,5.0,Thailand
7447,5.0,2.0,2.0,2.0,3.0,3.0,2.0,3.0,3.0,5.0,4.0,Thailand
7448,5.0,2.0,1.0,4.0,3.0,2.0,4.0,2.0,2.0,3.0,4.0,Thailand
7449,5.0,2.0,1.0,3.0,3.0,3.0,3.0,3.0,4.0,4.0,4.0,Thailand
7450,5.0,1.0,,4.0,3.0,3.0,2.0,3.0,2.0,4.0,4.0,Thailand
7451,5.0,2.0,1.0,2.0,3.0,3.0,2.0,3.0,5.0,5.0,4.0,Thailand
7452,5.0,2.0,1.0,2.0,3.0,3.0,2.0,4.0,2.0,4.0,4.0,Thailand
7453,5.0,2.0,1.0,1.0,3.0,2.0,4.0,2.0,4.0,5.0,2.0,Thailand
7454,5.0,2.0,1.0,1.0,3.0,4.0,4.0,2.0,4.0,5.0,2.0,Thailand
7455,5.0,2.0,2.0,2.0,2.0,2.0,3.0,2.0,2.0,4.0,5.0,Thailand
7456,5.0,2.0,2.0,2.0,2.0,3.0,3.0,2.0,3.0,2.0,5.0,Thailand
7457,5.0,2.0,2.0,3.0,3.0,2.0,3.0,3.0,2.0,5.0,5.0,Thailand
7458,5.0,1.0,,4.0,1.0,2.0,2.0,3.0,4.0,5.0,1.0,Thailand
7459,5.0,1.0,,1.0,4.0,1.0,4.0,1.0,2.0,5.0,4.0,Thailand
7460,5.0,2.0,2.0,4.0,2.0,4.0,3.0,4.0,3.0,4.0,3.0,Thailand
7461,5.0,2.0,1.0,1.0,4.0,1.0,4.0,1.0,4.0,5.0,2.0,Thailand
7462,5.0,2.0,2.0,4.0,3.0,3.0,4.0,2.0,4.0,4.0,3.0,Thailand
7463,5.0,1.0,,2.0,3.0,3.0,3.0,3.0,4.0,4.0,4.0,Thailand
7464,5.0,1.0,,3.0,4.0,2.0,4.0,2.0,4.0,5.0,5.0,Thailand
7465,5.0,2.0,2.0,1.0,2.0,4.0,1.0,3.0,1.0,1.0,1.0,Thailand
7466,5.0,2.0,2.0,2.0,3.0,3.0,1.0,4.0,3.0,4.0,3.0,Thailand
7467,5.0,1.0,,3.0,2.0,2.0,4.0,2.0,4.0,3.0,4.0,Thailand
7468,5.0,2.0,2.0,2.0,4.0,2.0,4.0,3.0,3.0,4.0,4.0,Thailand
7469,5.0,,,1.0,3.0,,2.0,3.0,2.0,3.0,3.0,Thailand
7470,5.0,2.0,2.0,3.0,3.0,2.0,3.0,4.0,2.0,3.0,4.0,Thailand
7471,5.0,1.0,2.0,2.0,2.0,3.0,2.0,2.0,1.0,2.0,2.0,Thailand
7472,5.0,2.0,2.0,4.0,3.0,2.0,3.0,3.0,4.0,4.0,4.0,Thailand
7473,5.0,2.0,1.0,2.0,3.0,2.0,,3.0,4.0,4.0,4.0,Thailand
7474,5.0,2.0,1.0,3.0,3.0,2.0,4.0,3.0,2.0,2.0,2.0,Thailand
7475,5.0,2.0,2.0,4.0,2.0,4.0,4.0,2.0,4.0,3.0,4.0,Thailand
7476,5.0,1.0,2.0,2.0,3.0,3.0,3.0,4.0,3.0,4.0,3.0,Thailand
7477,5.0,1.0,1.0,3.0,2.0,4.0,,4.0,3.0,3.0,4.0,Thailand
7478,5.0,2.0,2.0,4.0,2.0,3.0,3.0,2.0,2.0,3.0,3.0,Thailand
7479,5.0,2.0,2.0,3.0,3.0,4.0,,3.0,2.0,3.0,3.0,Thailand
7480,5.0,1.0,2.0,4.0,2.0,3.0,2.0,4.0,3.0,4.0,4.0,Thailand
7481,5.0,2.0,2.0,3.0,4.0,2.0,3.0,4.0,2.0,3.0,3.0,Thailand
7482,5.0,1.0,1.0,2.0,2.0,2.0,4.0,3.0,1.0,1.0,3.0,Thailand
7483,5.0,2.0,2.0,2.0,3.0,2.0,3.0,3.0,2.0,3.0,,Thailand
7484,5.0,2.0,2.0,3.0,3.0,3.0,4.0,3.0,4.0,4.0,3.0,Thailand
7485,5.0,2.0,2.0,2.0,3.0,2.0,3.0,2.0,4.0,3.0,3.0,Thailand
7486,5.0,2.0,2.0,3.0,2.0,2.0,3.0,3.0,3.0,3.0,3.0,Thailand
7487,5.0,2.0,2.0,3.0,3.0,3.0,4.0,3.0,3.0,2.0,3.0,Thailand
7488,5.0,1.0,2.0,3.0,3.0,2.0,4.0,3.0,2.0,3.0,4.0,Thailand
7489,5.0,2.0,2.0,3.0,3.0,2.0,3.0,3.0,2.0,4.0,3.0,Thailand
7490,5.0,2.0,2.0,2.0,3.0,3.0,3.0,2.0,3.0,3.0,4.0,Thailand
7491,5.0,2.0,2.0,2.0,2.0,1.0,4.0,3.0,2.0,3.0,3.0,Thailand
7492,5.0,2.0,2.0,3.0,3.0,1.0,3.0,4.0,3.0,4.0,3.0,Thailand
7493,5.0,2.0,2.0,2.0,3.0,2.0,3.0,3.0,2.0,3.0,3.0,Thailand
7494,5.0,1.0,1.0,2.0,2.0,3.0,4.0,2.0,2.0,2.0,4.0,Thailand
7495,5.0,2.0,2.0,2.0,3.0,3.0,3.0,3.0,4.0,3.0,3.0,Thailand
7496,5.0,1.0,2.0,2.0,2.0,3.0,4.0,3.0,3.0,4.0,2.0,Thailand
7497,5.0,1.0,1.0,2.0,2.0,2.0,4.0,3.0,3.0,3.0,3.0,Thailand
7498,5.0,2.0,2.0,3.0,3.0,2.0,3.0,3.0,2.0,3.0,3.0,Thailand
7499,5.0,2.0,2.0,2.0,3.0,2.0,4.0,2.0,2.0,3.0,4.0,Thailand
7500,5.0,1.0,2.0,3.0,3.0,2.0,3.0,2.0,3.0,4.0,3.0,Thailand
7501,5.0,2.0,2.0,3.0,4.0,3.0,3.0,4.0,2.0,3.0,3.0,Thailand
7502,5.0,2.0,2.0,3.0,2.0,1.0,3.0,1.0,5.0,5.0,4.0,Thailand
7503,5.0,1.0,1.0,2.0,3.0,1.0,2.0,1.0,4.0,5.0,3.0,Thailand
7504,5.0,2.0,2.0,1.0,3.0,3.0,3.0,1.0,4.0,5.0,3.0,Thailand
7505,5.0,2.0,2.0,2.0,4.0,1.0,4.0,1.0,4.0,4.0,3.0,Thailand
7506,5.0,2.0,2.0,3.0,4.0,1.0,4.0,1.0,4.0,5.0,4.0,Thailand
7507,5.0,2.0,1.0,1.0,2.0,1.0,2.0,1.0,4.0,4.0,4.0,Thailand
7508,5.0,2.0,2.0,4.0,3.0,1.0,2.0,4.0,4.0,5.0,2.0,Thailand
7509,5.0,2.0,1.0,1.0,1.0,1.0,1.0,,3.0,2.0,3.0,Thailand
7510,5.0,2.0,2.0,4.0,2.0,4.0,2.0,3.0,2.0,3.0,2.0,Thailand
7511,5.0,1.0,1.0,3.0,1.0,3.0,2.0,3.0,1.0,1.0,1.0,Thailand
7512,5.0,2.0,,1.0,1.0,2.0,2.0,1.0,3.0,3.0,2.0,Thailand
7513,5.0,2.0,2.0,2.0,3.0,2.0,4.0,2.0,4.0,4.0,4.0,Thailand
7514,5.0,2.0,2.0,3.0,2.0,3.0,3.0,3.0,3.0,4.0,3.0,Thailand
7515,5.0,2.0,2.0,3.0,2.0,3.0,3.0,4.0,4.0,4.0,3.0,Thailand
7516,5.0,2.0,2.0,2.0,4.0,2.0,4.0,2.0,3.0,4.0,4.0,Thailand
7517,5.0,2.0,2.0,3.0,2.0,4.0,2.0,4.0,3.0,4.0,2.0,Thailand
7518,5.0,2.0,2.0,2.0,4.0,2.0,4.0,2.0,4.0,4.0,4.0,Thailand
7519,5.0,2.0,2.0,2.0,4.0,2.0,4.0,2.0,4.0,4.0,4.0,Thailand
7520,5.0,2.0,2.0,3.0,2.0,3.0,2.0,3.0,5.0,4.0,2.0,Thailand
7521,5.0,2.0,2.0,2.0,4.0,2.0,5.0,2.0,3.0,4.0,4.0,Thailand
7522,5.0,2.0,1.0,1.0,3.0,1.0,4.0,1.0,3.0,4.0,4.0,Thailand
7523,5.0,2.0,2.0,1.0,3.0,2.0,3.0,1.0,3.0,4.0,3.0,Thailand
7524,5.0,2.0,1.0,1.0,2.0,1.0,3.0,1.0,3.0,2.0,2.0,Thailand
7525,5.0,2.0,1.0,1.0,2.0,1.0,3.0,1.0,2.0,3.0,2.0,Thailand
7526,5.0,2.0,2.0,1.0,3.0,1.0,4.0,1.0,3.0,4.0,3.0,Thailand
7527,5.0,2.0,2.0,1.0,3.0,2.0,3.0,2.0,3.0,3.0,3.0,Thailand
7528,5.0,2.0,1.0,2.0,2.0,3.0,4.0,2.0,2.0,3.0,2.0,Thailand
7529,5.0,2.0,2.0,2.0,3.0,3.0,4.0,2.0,4.0,4.0,4.0,Thailand
7530,5.0,2.0,2.0,1.0,3.0,2.0,3.0,2.0,4.0,4.0,3.0,Thailand
7531,5.0,2.0,2.0,1.0,2.0,3.0,2.0,1.0,1.0,2.0,2.0,Thailand
7532,5.0,2.0,2.0,4.0,3.0,4.0,2.0,4.0,3.0,3.0,3.0,Thailand
7533,5.0,2.0,2.0,2.0,3.0,4.0,2.0,4.0,4.0,4.0,2.0,Thailand
7534,5.0,2.0,2.0,4.0,3.0,1.0,4.0,1.0,4.0,4.0,2.0,Thailand
7535,5.0,2.0,1.0,3.0,3.0,2.0,2.0,2.0,3.0,4.0,2.0,Thailand
7536,5.0,2.0,2.0,4.0,2.0,3.0,4.0,4.0,4.0,4.0,2.0,Thailand
7537,5.0,2.0,2.0,4.0,1.0,4.0,5.0,1.0,4.0,4.0,2.0,Thailand
7538,5.0,2.0,2.0,2.0,3.0,2.0,5.0,1.0,2.0,4.0,4.0,Thailand
7539,5.0,2.0,2.0,3.0,3.0,3.0,3.0,2.0,3.0,4.0,2.0,Thailand
7540,5.0,2.0,2.0,2.0,3.0,1.0,5.0,1.0,3.0,4.0,4.0,Thailand
7541,5.0,2.0,2.0,2.0,2.0,3.0,3.0,3.0,3.0,4.0,4.0,Thailand
7542,5.0,2.0,2.0,2.0,3.0,1.0,4.0,1.0,3.0,4.0,4.0,Thailand
7543,5.0,2.0,2.0,2.0,3.0,1.0,,1.0,3.0,4.0,4.0,Thailand
7544,5.0,2.0,1.0,1.0,3.0,2.0,4.0,2.0,4.0,3.0,4.0,Thailand
7545,5.0,2.0,2.0,1.0,2.0,1.0,2.0,1.0,4.0,3.0,4.0,Thailand
7546,5.0,2.0,2.0,1.0,3.0,1.0,2.0,2.0,4.0,3.0,4.0,Thailand
7547,5.0,2.0,2.0,1.0,2.0,3.0,2.0,3.0,4.0,3.0,4.0,Thailand
7548,5.0,2.0,2.0,2.0,3.0,2.0,4.0,1.0,3.0,3.0,3.0,Thailand
7549,5.0,2.0,2.0,2.0,2.0,2.0,3.0,1.0,4.0,4.0,4.0,Thailand
7550,5.0,2.0,1.0,3.0,3.0,2.0,3.0,1.0,4.0,3.0,2.0,Thailand
7551,5.0,2.0,2.0,3.0,2.0,3.0,3.0,1.0,3.0,4.0,3.0,Thailand
7552,5.0,2.0,2.0,1.0,1.0,3.0,3.0,1.0,3.0,4.0,3.0,Thailand
7553,5.0,2.0,2.0,2.0,1.0,4.0,4.0,1.0,3.0,4.0,4.0,Thailand
7554,5.0,2.0,1.0,1.0,2.0,4.0,3.0,2.0,4.0,3.0,2.0,Thailand
7555,5.0,2.0,2.0,1.0,2.0,4.0,4.0,1.0,3.0,5.0,2.0,Thailand
7556,5.0,2.0,2.0,1.0,3.0,3.0,4.0,1.0,3.0,4.0,4.0,Thailand
7557,5.0,2.0,2.0,2.0,3.0,3.0,4.0,1.0,2.0,4.0,3.0,Thailand
7558,5.0,2.0,2.0,2.0,4.0,4.0,4.0,1.0,4.0,5.0,3.0,Thailand
7559,5.0,2.0,2.0,2.0,3.0,4.0,3.0,1.0,3.0,4.0,3.0,Thailand
7560,5.0,2.0,2.0,2.0,3.0,4.0,4.0,1.0,3.0,4.0,4.0,Thailand
7561,5.0,2.0,2.0,2.0,2.0,4.0,4.0,1.0,3.0,4.0,4.0,Thailand
7562,5.0,2.0,2.0,3.0,4.0,2.0,4.0,3.0,4.0,4.0,4.0,Thailand
7563,5.0,2.0,1.0,2.0,3.0,2.0,4.0,3.0,4.0,4.0,4.0,Thailand
7564,5.0,,1.0,2.0,3.0,2.0,4.0,2.0,2.0,3.0,3.0,Thailand
7565,5.0,2.0,2.0,3.0,3.0,3.0,3.0,2.0,4.0,4.0,3.0,Thailand
7566,5.0,2.0,2.0,2.0,3.0,2.0,4.0,3.0,4.0,3.0,4.0,Thailand
7567,5.0,2.0,2.0,3.0,2.0,,3.0,2.0,3.0,3.0,2.0,Thailand
7568,5.0,1.0,1.0,2.0,2.0,,4.0,,3.0,3.0,3.0,Thailand
7569,5.0,2.0,2.0,3.0,3.0,3.0,4.0,3.0,2.0,3.0,4.0,Thailand
7570,5.0,2.0,2.0,3.0,2.0,3.0,2.0,1.0,4.0,4.0,2.0,Thailand
7571,5.0,1.0,1.0,3.0,3.0,1.0,4.0,3.0,2.0,4.0,4.0,Thailand
7572,5.0,2.0,1.0,2.0,2.0,3.0,3.0,,2.0,3.0,4.0,Thailand
7573,5.0,2.0,2.0,2.0,2.0,2.0,4.0,2.0,2.0,3.0,3.0,Thailand
7574,5.0,2.0,2.0,3.0,3.0,2.0,4.0,3.0,3.0,3.0,4.0,Thailand
7575,5.0,2.0,2.0,3.0,3.0,2.0,4.0,3.0,4.0,4.0,4.0,Thailand
7576,5.0,2.0,2.0,2.0,4.0,2.0,4.0,3.0,3.0,4.0,5.0,Thailand
7577,5.0,2.0,2.0,3.0,3.0,1.0,3.0,4.0,2.0,,4.0,Thailand
7578,5.0,2.0,2.0,3.0,3.0,2.0,4.0,2.0,2.0,3.0,4.0,Thailand
7579,5.0,2.0,2.0,4.0,3.0,2.0,4.0,3.0,3.0,2.0,4.0,Thailand
7580,5.0,2.0,2.0,4.0,4.0,1.0,4.0,4.0,3.0,,5.0,Thailand
7581,5.0,2.0,2.0,3.0,3.0,2.0,3.0,3.0,3.0,3.0,4.0,Thailand
7582,5.0,2.0,2.0,1.0,2.0,3.0,3.0,3.0,2.0,3.0,3.0,Thailand
7583,5.0,2.0,2.0,1.0,2.0,3.0,2.0,3.0,3.0,3.0,3.0,Thailand
7584,5.0,2.0,2.0,2.0,3.0,2.0,4.0,2.0,4.0,4.0,4.0,Thailand
7585,5.0,2.0,2.0,2.0,3.0,2.0,5.0,1.0,4.0,5.0,4.0,Thailand
7586,5.0,2.0,2.0,3.0,2.0,3.0,2.0,2.0,3.0,4.0,4.0,Thailand
7587,5.0,2.0,2.0,2.0,3.0,2.0,4.0,2.0,2.0,4.0,4.0,Thailand
7588,5.0,2.0,2.0,3.0,3.0,2.0,3.0,2.0,3.0,3.0,4.0,Thailand
7589,5.0,2.0,2.0,3.0,3.0,2.0,2.0,3.0,3.0,2.0,4.0,Thailand
7590,5.0,2.0,2.0,4.0,3.0,2.0,2.0,3.0,3.0,4.0,4.0,Thailand
7591,5.0,2.0,2.0,3.0,3.0,2.0,3.0,3.0,3.0,4.0,4.0,Thailand
7592,5.0,2.0,2.0,3.0,3.0,1.0,2.0,2.0,3.0,4.0,4.0,Thailand
7593,5.0,2.0,1.0,3.0,2.0,3.0,3.0,2.0,3.0,4.0,4.0,Thailand
7594,5.0,2.0,2.0,3.0,4.0,3.0,3.0,1.0,2.0,4.0,4.0,Thailand
7595,5.0,2.0,2.0,2.0,,3.0,4.0,3.0,3.0,4.0,4.0,Thailand
7596,5.0,2.0,2.0,2.0,3.0,3.0,1.0,1.0,4.0,4.0,4.0,Thailand
7597,5.0,2.0,2.0,3.0,3.0,3.0,2.0,4.0,3.0,4.0,4.0,Thailand
7598,5.0,2.0,2.0,2.0,3.0,3.0,2.0,3.0,2.0,4.0,4.0,Thailand
7599,5.0,2.0,2.0,3.0,2.0,4.0,1.0,4.0,2.0,4.0,3.0,Thailand
7600,5.0,2.0,2.0,3.0,2.0,4.0,4.0,2.0,2.0,4.0,4.0,Thailand
7601,5.0,2.0,1.0,2.0,3.0,4.0,1.0,3.0,2.0,4.0,2.0,Thailand
7602,5.0,2.0,2.0,4.0,3.0,1.0,4.0,2.0,4.0,4.0,4.0,Thailand
7603,5.0,2.0,2.0,4.0,3.0,2.0,3.0,3.0,3.0,4.0,4.0,Thailand
7604,5.0,2.0,2.0,2.0,4.0,2.0,5.0,2.0,4.0,4.0,3.0,Thailand
7605,5.0,2.0,2.0,3.0,3.0,1.0,3.0,2.0,4.0,4.0,4.0,Thailand
7606,5.0,2.0,2.0,2.0,4.0,3.0,3.0,2.0,3.0,3.0,4.0,Thailand
7607,5.0,2.0,2.0,2.0,3.0,2.0,3.0,1.0,4.0,4.0,4.0,Thailand
7608,5.0,2.0,2.0,2.0,3.0,2.0,2.0,3.0,2.0,3.0,4.0,Thailand
7609,5.0,2.0,2.0,2.0,3.0,2.0,2.0,3.0,4.0,4.0,4.0,Thailand
7610,5.0,2.0,2.0,3.0,3.0,2.0,4.0,2.0,4.0,4.0,4.0,Thailand
7611,5.0,,2.0,3.0,3.0,1.0,2.0,2.0,4.0,4.0,3.0,Thailand
7612,5.0,,2.0,3.0,3.0,3.0,4.0,3.0,4.0,4.0,4.0,Thailand
7613,5.0,2.0,2.0,3.0,4.0,1.0,4.0,3.0,4.0,4.0,4.0,Thailand
7614,5.0,2.0,2.0,2.0,3.0,2.0,3.0,3.0,2.0,4.0,4.0,Thailand
7615,5.0,2.0,2.0,2.0,3.0,1.0,4.0,2.0,2.0,4.0,4.0,Thailand
7616,5.0,2.0,2.0,3.0,2.0,2.0,2.0,3.0,2.0,5.0,4.0,Thailand
7617,5.0,2.0,1.0,3.0,2.0,2.0,2.0,4.0,2.0,2.0,4.0,Thailand
7618,5.0,2.0,2.0,4.0,3.0,2.0,4.0,2.0,3.0,4.0,4.0,Thailand
7619,5.0,2.0,2.0,4.0,3.0,2.0,3.0,2.0,3.0,4.0,4.0,Thailand
7620,5.0,2.0,2.0,4.0,3.0,1.0,4.0,2.0,3.0,4.0,4.0,Thailand
7621,5.0,2.0,2.0,4.0,3.0,1.0,2.0,3.0,4.0,,4.0,Thailand
7622,5.0,2.0,2.0,1.0,2.0,2.0,2.0,3.0,2.0,3.0,2.0,Thailand
7623,5.0,2.0,2.0,3.0,1.0,2.0,2.0,2.0,4.0,3.0,2.0,Thailand
7624,5.0,2.0,2.0,2.0,3.0,2.0,4.0,3.0,3.0,4.0,4.0,Thailand
7625,5.0,2.0,2.0,2.0,2.0,3.0,4.0,2.0,2.0,4.0,4.0,Thailand
7626,5.0,2.0,2.0,2.0,3.0,1.0,4.0,1.0,3.0,4.0,5.0,Thailand
7627,5.0,2.0,2.0,2.0,3.0,1.0,3.0,1.0,3.0,4.0,4.0,Thailand
7628,5.0,1.0,2.0,2.0,3.0,2.0,4.0,3.0,5.0,3.0,5.0,Thailand
7629,5.0,1.0,2.0,2.0,3.0,1.0,3.0,2.0,3.0,4.0,4.0,Thailand
7630,5.0,2.0,2.0,2.0,3.0,2.0,3.0,1.0,4.0,2.0,4.0,Thailand
7631,5.0,2.0,2.0,2.0,2.0,2.0,5.0,2.0,4.0,4.0,4.0,Thailand
7632,5.0,2.0,2.0,1.0,3.0,3.0,1.0,1.0,4.0,4.0,2.0,Thailand
7633,5.0,2.0,2.0,3.0,3.0,2.0,4.0,2.0,4.0,5.0,2.0,Thailand
7634,5.0,2.0,2.0,2.0,3.0,2.0,3.0,2.0,3.0,5.0,3.0,Thailand
7635,5.0,2.0,1.0,3.0,3.0,3.0,3.0,2.0,3.0,4.0,4.0,Thailand
7636,5.0,1.0,2.0,3.0,3.0,3.0,3.0,2.0,3.0,4.0,4.0,Thailand
7637,5.0,2.0,2.0,2.0,2.0,2.0,3.0,4.0,3.0,4.0,2.0,Thailand
7638,5.0,2.0,2.0,2.0,2.0,3.0,3.0,3.0,2.0,3.0,3.0,Thailand
7639,5.0,2.0,2.0,2.0,2.0,3.0,3.0,3.0,2.0,4.0,3.0,Thailand
7640,5.0,2.0,2.0,2.0,2.0,3.0,3.0,3.0,3.0,3.0,3.0,Thailand
7641,5.0,2.0,2.0,2.0,3.0,2.0,4.0,4.0,4.0,4.0,4.0,Thailand
7642,5.0,2.0,2.0,2.0,2.0,3.0,5.0,2.0,3.0,2.0,5.0,Thailand
7643,5.0,2.0,2.0,2.0,3.0,3.0,5.0,3.0,2.0,2.0,3.0,Thailand
7644,5.0,1.0,2.0,2.0,3.0,2.0,4.0,1.0,3.0,5.0,4.0,Thailand
7645,5.0,2.0,2.0,2.0,3.0,3.0,4.0,2.0,4.0,4.0,4.0,Thailand
7646,5.0,2.0,2.0,2.0,3.0,2.0,5.0,2.0,4.0,4.0,4.0,Thailand
7647,5.0,2.0,2.0,2.0,3.0,1.0,4.0,3.0,4.0,4.0,4.0,Thailand
7648,5.0,1.0,1.0,2.0,3.0,3.0,4.0,1.0,4.0,4.0,5.0,Thailand
7649,5.0,,1.0,2.0,3.0,3.0,4.0,2.0,3.0,3.0,4.0,Thailand
7650,5.0,2.0,2.0,2.0,2.0,3.0,4.0,4.0,2.0,4.0,4.0,Thailand
7651,5.0,2.0,2.0,1.0,4.0,2.0,3.0,4.0,4.0,1.0,2.0,Thailand
7652,5.0,2.0,2.0,2.0,3.0,2.0,4.0,1.0,4.0,3.0,4.0,Thailand
7653,5.0,2.0,2.0,2.0,3.0,2.0,4.0,2.0,3.0,4.0,4.0,Thailand
7654,5.0,2.0,2.0,2.0,3.0,3.0,4.0,4.0,4.0,4.0,4.0,Thailand
7655,5.0,2.0,2.0,3.0,3.0,2.0,4.0,2.0,4.0,4.0,4.0,Thailand
7656,5.0,2.0,2.0,3.0,2.0,2.0,4.0,2.0,3.0,4.0,4.0,Thailand
7657,5.0,,2.0,2.0,3.0,1.0,4.0,2.0,3.0,4.0,4.0,Thailand
7658,5.0,2.0,2.0,2.0,2.0,1.0,3.0,1.0,3.0,4.0,4.0,Thailand
7659,5.0,2.0,2.0,3.0,3.0,1.0,4.0,2.0,3.0,3.0,4.0,Thailand
7660,5.0,2.0,2.0,2.0,3.0,2.0,3.0,1.0,3.0,4.0,4.0,Thailand
7661,5.0,,,2.0,3.0,2.0,4.0,1.0,4.0,4.0,4.0,Thailand
7662,5.0,2.0,2.0,4.0,3.0,2.0,4.0,4.0,1.0,3.0,,Thailand
7663,5.0,2.0,2.0,4.0,2.0,1.0,4.0,3.0,2.0,3.0,3.0,Thailand
7664,5.0,2.0,2.0,3.0,3.0,3.0,3.0,3.0,2.0,3.0,3.0,Thailand
7665,5.0,2.0,2.0,2.0,2.0,1.0,3.0,2.0,4.0,4.0,3.0,Thailand
7666,5.0,2.0,2.0,1.0,3.0,1.0,2.0,2.0,4.0,5.0,3.0,Thailand
7667,5.0,2.0,1.0,2.0,3.0,2.0,4.0,3.0,2.0,4.0,3.0,Thailand
7668,5.0,1.0,,2.0,3.0,3.0,,2.0,3.0,4.0,4.0,Thailand
7669,5.0,2.0,1.0,1.0,2.0,1.0,4.0,3.0,2.0,4.0,3.0,Thailand
7670,5.0,1.0,1.0,2.0,2.0,2.0,4.0,,3.0,4.0,4.0,Thailand
7671,5.0,2.0,2.0,3.0,1.0,2.0,2.0,2.0,3.0,4.0,4.0,Thailand
7672,5.0,2.0,2.0,3.0,2.0,1.0,3.0,3.0,2.0,4.0,2.0,Thailand
7673,5.0,2.0,1.0,2.0,2.0,3.0,2.0,3.0,4.0,4.0,1.0,Thailand
7674,5.0,2.0,1.0,2.0,3.0,3.0,2.0,3.0,3.0,4.0,2.0,Thailand
7675,5.0,2.0,2.0,3.0,3.0,4.0,2.0,2.0,3.0,,2.0,Thailand
7676,5.0,2.0,2.0,3.0,3.0,4.0,2.0,2.0,3.0,3.0,3.0,Thailand
7677,5.0,2.0,1.0,2.0,2.0,2.0,2.0,2.0,3.0,4.0,4.0,Thailand
7678,5.0,2.0,2.0,3.0,2.0,3.0,3.0,1.0,3.0,4.0,4.0,Thailand
7679,5.0,2.0,2.0,4.0,2.0,4.0,3.0,2.0,4.0,4.0,3.0,Thailand
7680,5.0,2.0,2.0,3.0,3.0,1.0,4.0,3.0,3.0,3.0,2.0,Thailand
7681,5.0,2.0,2.0,2.0,2.0,2.0,5.0,4.0,,4.0,4.0,Thailand
7682,5.0,2.0,2.0,2.0,3.0,1.0,4.0,3.0,4.0,3.0,5.0,Thailand
7683,5.0,2.0,2.0,1.0,2.0,2.0,4.0,3.0,3.0,3.0,4.0,Thailand
7684,5.0,2.0,2.0,4.0,3.0,1.0,4.0,1.0,2.0,4.0,5.0,Thailand
7685,5.0,2.0,1.0,3.0,2.0,2.0,3.0,2.0,4.0,4.0,4.0,Thailand
7686,5.0,2.0,2.0,4.0,2.0,2.0,3.0,1.0,3.0,4.0,2.0,Thailand
7687,5.0,2.0,1.0,1.0,1.0,2.0,5.0,4.0,4.0,4.0,3.0,Thailand
7688,5.0,2.0,2.0,3.0,3.0,2.0,5.0,2.0,2.0,4.0,5.0,Thailand
7689,5.0,2.0,2.0,3.0,3.0,1.0,5.0,1.0,3.0,4.0,5.0,Thailand
7690,5.0,2.0,1.0,3.0,3.0,2.0,3.0,2.0,4.0,5.0,4.0,Thailand
7691,5.0,2.0,1.0,2.0,3.0,2.0,3.0,1.0,4.0,4.0,3.0,Thailand
7692,5.0,2.0,1.0,1.0,2.0,1.0,4.0,3.0,5.0,4.0,2.0,Thailand
7693,5.0,2.0,1.0,1.0,3.0,1.0,2.0,1.0,3.0,4.0,3.0,Thailand
7694,5.0,2.0,1.0,1.0,3.0,2.0,4.0,3.0,3.0,3.0,4.0,Thailand
7695,5.0,2.0,2.0,3.0,1.0,1.0,2.0,3.0,4.0,4.0,2.0,Thailand
7696,5.0,2.0,2.0,3.0,3.0,2.0,5.0,1.0,2.0,5.0,5.0,Thailand
7697,5.0,1.0,1.0,4.0,2.0,1.0,5.0,3.0,4.0,5.0,5.0,Thailand
7698,5.0,2.0,1.0,2.0,3.0,2.0,4.0,2.0,4.0,3.0,5.0,Thailand
7699,5.0,2.0,1.0,2.0,4.0,1.0,4.0,1.0,4.0,4.0,4.0,Thailand
7700,5.0,2.0,2.0,2.0,3.0,2.0,4.0,2.0,4.0,4.0,4.0,Thailand
7701,5.0,2.0,2.0,2.0,3.0,1.0,4.0,4.0,1.0,3.0,2.0,Thailand
7702,5.0,2.0,2.0,2.0,3.0,2.0,4.0,3.0,4.0,4.0,4.0,Thailand
7703,5.0,2.0,2.0,3.0,3.0,2.0,3.0,2.0,4.0,5.0,4.0,Thailand
7704,5.0,2.0,2.0,3.0,3.0,2.0,5.0,2.0,4.0,4.0,4.0,Thailand
7705,5.0,2.0,1.0,,3.0,,4.0,,3.0,3.0,3.0,Thailand
7706,5.0,1.0,1.0,,2.0,,4.0,,4.0,3.0,2.0,Thailand
7707,5.0,2.0,2.0,1.0,3.0,3.0,4.0,3.0,3.0,4.0,2.0,Thailand
7708,5.0,2.0,2.0,3.0,4.0,2.0,4.0,2.0,4.0,4.0,4.0,Thailand
7709,5.0,2.0,2.0,3.0,3.0,2.0,4.0,2.0,4.0,4.0,4.0,Thailand
7710,5.0,2.0,1.0,3.0,3.0,2.0,5.0,2.0,3.0,4.0,4.0,Thailand
7711,5.0,2.0,1.0,3.0,3.0,2.0,5.0,2.0,3.0,4.0,4.0,Thailand
7712,5.0,2.0,2.0,2.0,3.0,2.0,4.0,2.0,4.0,4.0,4.0,Thailand
7713,5.0,2.0,1.0,3.0,3.0,2.0,4.0,2.0,5.0,5.0,4.0,Thailand
7714,5.0,2.0,1.0,3.0,3.0,2.0,4.0,2.0,4.0,4.0,4.0,Thailand
7715,5.0,2.0,1.0,2.0,3.0,3.0,4.0,3.0,3.0,4.0,4.0,Thailand
7716,5.0,2.0,1.0,2.0,2.0,2.0,4.0,2.0,4.0,4.0,4.0,Thailand
7717,5.0,2.0,2.0,2.0,3.0,2.0,4.0,2.0,4.0,4.0,4.0,Thailand
7718,5.0,2.0,2.0,3.0,2.0,2.0,3.0,3.0,2.0,4.0,4.0,Thailand
7719,5.0,2.0,1.0,2.0,2.0,3.0,3.0,2.0,3.0,3.0,4.0,Thailand
7720,5.0,2.0,1.0,2.0,2.0,3.0,3.0,2.0,3.0,3.0,4.0,Thailand
7721,5.0,2.0,1.0,2.0,2.0,2.0,4.0,2.0,3.0,4.0,4.0,Thailand
7722,5.0,2.0,1.0,1.0,3.0,,2.0,2.0,3.0,4.0,4.0,Thailand
7723,5.0,2.0,1.0,2.0,3.0,2.0,4.0,2.0,2.0,4.0,3.0,Thailand
7724,5.0,2.0,1.0,2.0,3.0,2.0,4.0,2.0,4.0,4.0,4.0,Thailand
7725,5.0,2.0,1.0,2.0,3.0,2.0,4.0,2.0,4.0,4.0,4.0,Thailand
7726,5.0,2.0,2.0,2.0,3.0,2.0,4.0,2.0,4.0,4.0,3.0,Thailand
7727,5.0,2.0,1.0,2.0,3.0,2.0,4.0,2.0,2.0,2.0,3.0,Thailand
7728,5.0,2.0,2.0,2.0,3.0,2.0,4.0,2.0,2.0,4.0,4.0,Thailand
7729,5.0,2.0,2.0,2.0,3.0,2.0,4.0,2.0,3.0,3.0,3.0,Thailand
7730,5.0,2.0,1.0,2.0,3.0,2.0,4.0,2.0,2.0,4.0,4.0,Thailand
7731,5.0,2.0,1.0,3.0,2.0,2.0,4.0,2.0,2.0,4.0,4.0,Thailand
7732,5.0,1.0,1.0,2.0,3.0,2.0,4.0,2.0,3.0,4.0,4.0,Thailand
7733,5.0,2.0,1.0,2.0,2.0,2.0,4.0,2.0,3.0,4.0,3.0,Thailand
7734,5.0,2.0,1.0,2.0,3.0,2.0,4.0,2.0,4.0,4.0,4.0,Thailand
7735,5.0,2.0,1.0,2.0,3.0,2.0,4.0,2.0,4.0,4.0,4.0,Thailand
7736,5.0,1.0,2.0,2.0,3.0,2.0,4.0,2.0,4.0,4.0,3.0,Thailand
7737,5.0,2.0,2.0,2.0,2.0,2.0,4.0,2.0,3.0,4.0,3.0,Thailand
7738,5.0,1.0,1.0,2.0,2.0,2.0,4.0,2.0,2.0,4.0,4.0,Thailand
7739,5.0,2.0,1.0,2.0,3.0,2.0,4.0,2.0,3.0,4.0,4.0,Thailand
7740,5.0,1.0,1.0,2.0,2.0,2.0,4.0,2.0,3.0,4.0,3.0,Thailand
7741,5.0,2.0,1.0,2.0,3.0,2.0,4.0,2.0,4.0,4.0,4.0,Thailand
7742,5.0,2.0,1.0,4.0,3.0,2.0,4.0,3.0,4.0,5.0,2.0,Thailand
7743,5.0,2.0,2.0,2.0,2.0,2.0,3.0,2.0,1.0,4.0,2.0,Thailand
7744,5.0,2.0,2.0,3.0,3.0,2.0,4.0,3.0,1.0,4.0,4.0,Thailand
7745,5.0,2.0,2.0,4.0,3.0,2.0,5.0,3.0,5.0,5.0,4.0,Thailand
7746,5.0,2.0,1.0,3.0,2.0,3.0,2.0,3.0,2.0,2.0,2.0,Thailand
7747,5.0,2.0,1.0,2.0,2.0,3.0,2.0,4.0,1.0,2.0,2.0,Thailand
7748,5.0,2.0,2.0,3.0,2.0,2.0,2.0,2.0,2.0,3.0,2.0,Thailand
7749,5.0,2.0,1.0,3.0,2.0,2.0,2.0,1.0,1.0,3.0,2.0,Thailand
7750,5.0,2.0,1.0,3.0,2.0,2.0,4.0,2.0,4.0,4.0,2.0,Thailand
7751,5.0,,2.0,4.0,2.0,2.0,2.0,2.0,2.0,2.0,2.0,Thailand
7752,5.0,,1.0,3.0,2.0,2.0,1.0,1.0,2.0,3.0,1.0,Thailand
7753,5.0,2.0,2.0,4.0,3.0,2.0,4.0,3.0,4.0,4.0,4.0,Thailand
7754,5.0,2.0,2.0,4.0,2.0,3.0,4.0,3.0,2.0,4.0,2.0,Thailand
7755,5.0,,2.0,4.0,1.0,3.0,3.0,4.0,4.0,4.0,1.0,Thailand
7756,5.0,2.0,1.0,1.0,3.0,1.0,4.0,3.0,4.0,5.0,2.0,Thailand
7757,5.0,2.0,2.0,2.0,4.0,1.0,2.0,4.0,4.0,5.0,2.0,Thailand
7758,5.0,2.0,2.0,4.0,2.0,1.0,1.0,4.0,4.0,3.0,4.0,Thailand
7759,5.0,1.0,1.0,2.0,2.0,2.0,2.0,3.0,3.0,4.0,3.0,Thailand
7760,5.0,2.0,2.0,2.0,3.0,1.0,3.0,4.0,5.0,5.0,4.0,Thailand
7761,5.0,2.0,1.0,4.0,3.0,2.0,3.0,3.0,4.0,4.0,3.0,Thailand
7762,5.0,2.0,1.0,3.0,3.0,3.0,5.0,1.0,4.0,4.0,4.0,Thailand
7763,5.0,2.0,1.0,2.0,3.0,4.0,5.0,4.0,5.0,5.0,5.0,Thailand
7764,5.0,1.0,1.0,2.0,3.0,2.0,4.0,3.0,3.0,4.0,2.0,Thailand
7765,5.0,1.0,1.0,1.0,2.0,4.0,3.0,4.0,3.0,4.0,4.0,Thailand
7766,5.0,2.0,2.0,3.0,3.0,4.0,4.0,4.0,3.0,5.0,5.0,Thailand
7767,5.0,2.0,1.0,1.0,2.0,2.0,3.0,3.0,5.0,4.0,5.0,Thailand
7768,5.0,2.0,2.0,2.0,3.0,3.0,4.0,4.0,3.0,5.0,4.0,Thailand
7769,5.0,2.0,2.0,3.0,3.0,3.0,3.0,3.0,4.0,5.0,4.0,Thailand
7770,5.0,2.0,1.0,1.0,3.0,2.0,4.0,3.0,2.0,4.0,5.0,Thailand
7771,5.0,2.0,1.0,2.0,4.0,2.0,4.0,3.0,4.0,5.0,4.0,Thailand
7772,5.0,2.0,2.0,2.0,2.0,1.0,4.0,4.0,3.0,4.0,4.0,Thailand
7773,5.0,2.0,2.0,2.0,3.0,1.0,4.0,4.0,3.0,5.0,5.0,Thailand
7774,5.0,2.0,2.0,4.0,3.0,2.0,3.0,4.0,4.0,5.0,4.0,Thailand
7775,5.0,2.0,1.0,3.0,3.0,2.0,3.0,3.0,3.0,4.0,4.0,Thailand
7776,5.0,2.0,1.0,1.0,4.0,2.0,4.0,3.0,2.0,3.0,4.0,Thailand
7777,5.0,2.0,2.0,4.0,4.0,2.0,4.0,3.0,5.0,5.0,4.0,Thailand
7778,5.0,2.0,1.0,2.0,2.0,2.0,4.0,3.0,3.0,4.0,4.0,Thailand
7779,5.0,2.0,2.0,3.0,3.0,1.0,5.0,4.0,4.0,5.0,5.0,Thailand
7780,5.0,2.0,2.0,1.0,3.0,2.0,4.0,2.0,3.0,4.0,5.0,Thailand
7781,5.0,2.0,2.0,2.0,3.0,3.0,5.0,3.0,3.0,4.0,5.0,Thailand
7782,5.0,1.0,1.0,3.0,3.0,2.0,3.0,2.0,2.0,4.0,5.0,Thailand
7783,5.0,2.0,2.0,1.0,2.0,1.0,5.0,1.0,2.0,5.0,3.0,Thailand
7784,5.0,1.0,2.0,4.0,3.0,1.0,3.0,4.0,3.0,5.0,4.0,Thailand
7785,5.0,1.0,1.0,3.0,2.0,3.0,3.0,4.0,3.0,4.0,4.0,Thailand
7786,5.0,2.0,1.0,4.0,1.0,3.0,2.0,2.0,5.0,5.0,4.0,Thailand
7787,5.0,2.0,1.0,4.0,1.0,4.0,2.0,3.0,5.0,5.0,4.0,Thailand
7788,5.0,2.0,2.0,3.0,2.0,4.0,2.0,3.0,4.0,5.0,2.0,Thailand
7789,5.0,2.0,2.0,2.0,3.0,3.0,3.0,3.0,5.0,5.0,3.0,Thailand
7790,5.0,2.0,2.0,3.0,2.0,3.0,4.0,4.0,2.0,4.0,4.0,Thailand
7791,5.0,2.0,2.0,1.0,1.0,2.0,3.0,4.0,4.0,5.0,3.0,Thailand
7792,5.0,2.0,1.0,3.0,2.0,4.0,2.0,3.0,5.0,5.0,2.0,Thailand
7793,5.0,2.0,1.0,2.0,3.0,2.0,2.0,2.0,4.0,4.0,2.0,Thailand
7794,5.0,2.0,1.0,2.0,3.0,3.0,3.0,2.0,4.0,5.0,3.0,Thailand
7795,5.0,2.0,1.0,2.0,3.0,3.0,4.0,3.0,4.0,5.0,3.0,Thailand
7796,5.0,2.0,1.0,1.0,4.0,2.0,2.0,1.0,3.0,4.0,2.0,Thailand
7797,5.0,2.0,1.0,1.0,3.0,3.0,4.0,2.0,4.0,5.0,2.0,Thailand
7798,5.0,2.0,1.0,1.0,3.0,2.0,3.0,1.0,3.0,4.0,3.0,Thailand
7799,5.0,2.0,2.0,2.0,3.0,1.0,2.0,2.0,4.0,5.0,4.0,Thailand
7800,5.0,2.0,1.0,2.0,2.0,2.0,5.0,3.0,5.0,4.0,5.0,Thailand
7801,5.0,2.0,2.0,1.0,3.0,1.0,5.0,4.0,3.0,5.0,5.0,Thailand
7802,5.0,2.0,2.0,2.0,2.0,3.0,4.0,2.0,4.0,4.0,4.0,Thailand
7803,5.0,2.0,2.0,3.0,3.0,2.0,4.0,4.0,3.0,5.0,4.0,Thailand
7804,5.0,2.0,2.0,4.0,4.0,3.0,4.0,3.0,2.0,3.0,4.0,Thailand
7805,5.0,2.0,2.0,3.0,3.0,2.0,4.0,4.0,2.0,5.0,5.0,Thailand
7806,5.0,1.0,2.0,1.0,3.0,2.0,4.0,1.0,3.0,4.0,5.0,Thailand
7807,5.0,2.0,2.0,4.0,2.0,1.0,5.0,2.0,4.0,4.0,5.0,Thailand
7808,5.0,2.0,2.0,2.0,3.0,2.0,4.0,2.0,5.0,5.0,4.0,Thailand
7809,5.0,2.0,2.0,3.0,3.0,2.0,4.0,4.0,3.0,4.0,4.0,Thailand
7810,5.0,2.0,2.0,2.0,3.0,3.0,3.0,3.0,4.0,5.0,4.0,Thailand
7811,5.0,2.0,1.0,1.0,3.0,3.0,3.0,4.0,4.0,5.0,3.0,Thailand
7812,5.0,2.0,2.0,1.0,3.0,2.0,2.0,2.0,4.0,5.0,4.0,Thailand
7813,5.0,1.0,1.0,1.0,3.0,3.0,2.0,2.0,3.0,4.0,2.0,Thailand
7814,5.0,2.0,1.0,2.0,3.0,2.0,4.0,3.0,3.0,4.0,4.0,Thailand
7815,5.0,2.0,2.0,3.0,4.0,2.0,4.0,3.0,4.0,4.0,4.0,Thailand
7816,5.0,2.0,2.0,2.0,3.0,2.0,4.0,3.0,5.0,4.0,5.0,Thailand
7817,5.0,2.0,2.0,3.0,3.0,2.0,4.0,4.0,4.0,5.0,4.0,Thailand
7818,5.0,2.0,1.0,2.0,3.0,4.0,4.0,2.0,3.0,4.0,4.0,Thailand
7819,5.0,2.0,2.0,2.0,4.0,2.0,5.0,1.0,4.0,4.0,4.0,Thailand
7820,5.0,2.0,2.0,2.0,3.0,3.0,5.0,2.0,5.0,4.0,4.0,Thailand
7821,5.0,2.0,2.0,2.0,4.0,2.0,4.0,4.0,4.0,5.0,4.0,Thailand
7822,5.0,,2.0,1.0,1.0,3.0,3.0,4.0,4.0,4.0,1.0,Thailand
7823,5.0,1.0,1.0,1.0,4.0,2.0,1.0,2.0,4.0,5.0,4.0,Thailand
7824,5.0,,1.0,2.0,3.0,3.0,2.0,1.0,4.0,4.0,2.0,Thailand
7825,5.0,2.0,1.0,2.0,3.0,1.0,4.0,3.0,4.0,5.0,2.0,Thailand
7826,5.0,2.0,2.0,4.0,1.0,2.0,2.0,3.0,4.0,5.0,1.0,Thailand
7827,5.0,,2.0,4.0,1.0,2.0,1.0,2.0,4.0,4.0,1.0,Thailand
7828,5.0,2.0,2.0,4.0,4.0,4.0,2.0,2.0,4.0,5.0,2.0,Thailand
7829,5.0,2.0,2.0,4.0,4.0,1.0,2.0,4.0,4.0,5.0,2.0,Thailand
7830,5.0,2.0,2.0,4.0,3.0,1.0,2.0,2.0,3.0,4.0,2.0,Thailand
7831,5.0,2.0,2.0,2.0,2.0,1.0,1.0,4.0,4.0,3.0,4.0,Thailand
7832,5.0,2.0,2.0,2.0,4.0,1.0,2.0,4.0,4.0,5.0,4.0,Thailand
7833,5.0,1.0,1.0,2.0,2.0,2.0,2.0,3.0,3.0,4.0,3.0,Thailand
7834,5.0,2.0,2.0,4.0,3.0,1.0,3.0,4.0,5.0,5.0,4.0,Thailand
7835,5.0,,1.0,4.0,2.0,3.0,1.0,3.0,3.0,3.0,3.0,Thailand
7836,5.0,2.0,1.0,4.0,4.0,1.0,3.0,3.0,4.0,5.0,4.0,Thailand
7837,5.0,2.0,1.0,3.0,3.0,2.0,3.0,2.0,4.0,4.0,3.0,Thailand
7838,5.0,2.0,1.0,4.0,3.0,2.0,3.0,2.0,3.0,4.0,4.0,Thailand
7839,5.0,2.0,2.0,4.0,4.0,1.0,3.0,3.0,4.0,4.0,4.0,Thailand
7840,5.0,1.0,1.0,3.0,2.0,3.0,1.0,2.0,3.0,4.0,3.0,Thailand
7841,5.0,2.0,2.0,4.0,3.0,2.0,2.0,4.0,3.0,4.0,4.0,Thailand
7842,5.0,2.0,2.0,3.0,3.0,2.0,4.0,2.0,2.0,4.0,4.0,Thailand
7843,5.0,2.0,2.0,2.0,3.0,2.0,4.0,1.0,3.0,4.0,4.0,Thailand
7844,5.0,2.0,1.0,2.0,3.0,2.0,4.0,2.0,3.0,4.0,4.0,Thailand
7845,5.0,2.0,2.0,1.0,4.0,2.0,5.0,2.0,4.0,5.0,4.0,Thailand
7846,5.0,2.0,1.0,2.0,3.0,2.0,3.0,2.0,4.0,4.0,3.0,Thailand
7847,5.0,2.0,2.0,2.0,3.0,4.0,2.0,2.0,3.0,5.0,3.0,Thailand
7848,5.0,2.0,2.0,3.0,4.0,4.0,2.0,2.0,3.0,4.0,3.0,Thailand
7849,5.0,2.0,1.0,3.0,2.0,3.0,1.0,3.0,3.0,5.0,3.0,Thailand
7850,5.0,2.0,2.0,1.0,3.0,4.0,3.0,2.0,3.0,5.0,3.0,Thailand
7851,5.0,2.0,2.0,2.0,4.0,3.0,2.0,2.0,4.0,4.0,3.0,Thailand
7852,5.0,,2.0,3.0,3.0,4.0,2.0,3.0,3.0,4.0,2.0,Thailand
7853,5.0,1.0,1.0,3.0,3.0,2.0,4.0,4.0,3.0,4.0,5.0,Thailand
7854,5.0,2.0,1.0,2.0,3.0,3.0,3.0,3.0,4.0,5.0,3.0,Thailand
7855,5.0,2.0,,1.0,3.0,2.0,4.0,2.0,3.0,4.0,4.0,Thailand
7856,5.0,2.0,2.0,2.0,3.0,2.0,4.0,3.0,4.0,4.0,4.0,Thailand
7857,5.0,2.0,,4.0,1.0,2.0,2.0,3.0,4.0,5.0,1.0,Thailand
7858,5.0,2.0,1.0,2.0,2.0,1.0,1.0,4.0,4.0,3.0,4.0,Thailand
7859,5.0,2.0,2.0,4.0,3.0,1.0,3.0,4.0,5.0,5.0,4.0,Thailand
7860,5.0,2.0,2.0,3.0,3.0,2.0,3.0,2.0,4.0,4.0,3.0,Thailand
7861,5.0,2.0,2.0,4.0,3.0,2.0,2.0,4.0,3.0,4.0,4.0,Thailand
7862,5.0,1.0,2.0,3.0,3.0,3.0,4.0,3.0,4.0,4.0,4.0,Thailand
7863,5.0,2.0,1.0,3.0,2.0,3.0,2.0,2.0,3.0,4.0,4.0,Thailand
7864,5.0,1.0,2.0,3.0,3.0,3.0,4.0,3.0,3.0,4.0,4.0,Thailand
7865,5.0,1.0,2.0,2.0,2.0,2.0,5.0,3.0,4.0,3.0,4.0,Thailand
7866,5.0,2.0,2.0,4.0,3.0,4.0,3.0,4.0,4.0,5.0,5.0,Thailand
7867,5.0,2.0,2.0,3.0,4.0,4.0,3.0,4.0,4.0,4.0,4.0,Thailand
7868,5.0,2.0,1.0,4.0,1.0,4.0,4.0,4.0,4.0,4.0,2.0,Thailand
7869,5.0,2.0,1.0,4.0,3.0,4.0,4.0,4.0,4.0,4.0,4.0,Thailand
7870,5.0,1.0,1.0,2.0,3.0,2.0,4.0,4.0,3.0,4.0,4.0,Thailand
7871,5.0,2.0,2.0,3.0,2.0,2.0,3.0,4.0,3.0,3.0,4.0,Thailand
7872,5.0,2.0,2.0,3.0,3.0,3.0,3.0,2.0,3.0,4.0,4.0,Thailand
7873,5.0,2.0,2.0,3.0,2.0,4.0,3.0,3.0,4.0,4.0,4.0,Thailand
7874,5.0,2.0,2.0,3.0,3.0,2.0,4.0,3.0,4.0,4.0,4.0,Thailand
7875,5.0,2.0,2.0,3.0,2.0,3.0,3.0,2.0,3.0,3.0,4.0,Thailand
7876,5.0,2.0,1.0,3.0,3.0,2.0,3.0,4.0,3.0,4.0,4.0,Thailand
7877,5.0,2.0,1.0,3.0,2.0,2.0,4.0,3.0,4.0,3.0,4.0,Thailand
7878,5.0,1.0,1.0,2.0,3.0,2.0,4.0,3.0,4.0,3.0,3.0,Thailand
7879,5.0,1.0,1.0,3.0,3.0,3.0,5.0,4.0,3.0,4.0,5.0,Thailand
7880,5.0,2.0,2.0,2.0,3.0,3.0,4.0,4.0,4.0,3.0,4.0,Thailand
7881,5.0,2.0,1.0,2.0,2.0,3.0,4.0,2.0,3.0,4.0,4.0,Thailand
7882,5.0,2.0,1.0,2.0,3.0,1.0,2.0,1.0,3.0,4.0,2.0,Thailand
7883,5.0,1.0,1.0,2.0,3.0,2.0,3.0,4.0,4.0,3.0,3.0,Thailand
7884,5.0,1.0,2.0,4.0,4.0,1.0,1.0,3.0,3.0,5.0,4.0,Thailand
7885,5.0,1.0,1.0,1.0,3.0,2.0,2.0,2.0,3.0,4.0,2.0,Thailand
7886,5.0,2.0,1.0,1.0,3.0,4.0,2.0,1.0,4.0,4.0,2.0,Thailand
7887,5.0,2.0,1.0,1.0,3.0,1.0,2.0,1.0,5.0,5.0,4.0,Thailand
7888,5.0,1.0,,1.0,3.0,3.0,1.0,2.0,3.0,4.0,3.0,Thailand
7889,5.0,2.0,1.0,4.0,1.0,4.0,2.0,2.0,2.0,3.0,2.0,Thailand
7890,5.0,2.0,1.0,1.0,3.0,3.0,2.0,1.0,4.0,4.0,4.0,Thailand
7891,5.0,2.0,1.0,4.0,1.0,4.0,1.0,4.0,3.0,4.0,5.0,Thailand
7892,5.0,2.0,2.0,4.0,3.0,1.0,5.0,1.0,4.0,3.0,5.0,Thailand
7893,5.0,2.0,2.0,2.0,3.0,1.0,3.0,1.0,3.0,4.0,5.0,Thailand
7894,5.0,2.0,1.0,2.0,3.0,1.0,3.0,1.0,4.0,4.0,4.0,Thailand
7895,5.0,2.0,1.0,3.0,4.0,1.0,5.0,1.0,4.0,5.0,5.0,Thailand
7896,5.0,2.0,1.0,1.0,3.0,1.0,4.0,1.0,2.0,4.0,5.0,Thailand
7897,5.0,2.0,1.0,1.0,4.0,1.0,3.0,1.0,4.0,4.0,4.0,Thailand
7898,5.0,2.0,2.0,2.0,3.0,3.0,2.0,2.0,4.0,4.0,4.0,Thailand
7899,5.0,2.0,1.0,1.0,4.0,4.0,1.0,1.0,2.0,4.0,4.0,Thailand
7900,5.0,2.0,1.0,1.0,3.0,4.0,4.0,1.0,4.0,4.0,5.0,Thailand
7901,5.0,2.0,1.0,1.0,2.0,4.0,3.0,1.0,5.0,4.0,4.0,Thailand
7902,5.0,2.0,2.0,3.0,2.0,3.0,3.0,3.0,3.0,5.0,4.0,Thailand
7903,5.0,2.0,1.0,2.0,3.0,3.0,3.0,3.0,3.0,4.0,3.0,Thailand
7904,5.0,1.0,1.0,2.0,2.0,3.0,3.0,3.0,3.0,4.0,2.0,Thailand
7905,5.0,1.0,,3.0,2.0,3.0,3.0,3.0,3.0,5.0,3.0,Thailand
7906,5.0,2.0,1.0,3.0,3.0,2.0,4.0,2.0,3.0,3.0,4.0,Thailand
7907,5.0,2.0,1.0,4.0,3.0,3.0,2.0,2.0,4.0,5.0,4.0,Thailand
7908,5.0,1.0,,2.0,3.0,1.0,1.0,4.0,4.0,4.0,4.0,Thailand
7909,5.0,2.0,2.0,4.0,3.0,2.0,3.0,2.0,4.0,5.0,3.0,Thailand
7910,5.0,2.0,1.0,3.0,3.0,3.0,3.0,3.0,4.0,5.0,4.0,Thailand
7911,5.0,2.0,1.0,2.0,3.0,2.0,4.0,3.0,3.0,5.0,4.0,Thailand
7912,5.0,1.0,2.0,2.0,3.0,3.0,5.0,2.0,4.0,5.0,4.0,Thailand
7913,5.0,2.0,2.0,2.0,2.0,2.0,3.0,3.0,4.0,4.0,3.0,Thailand
7914,5.0,2.0,2.0,3.0,3.0,2.0,4.0,2.0,3.0,4.0,3.0,Thailand
7915,5.0,2.0,1.0,4.0,2.0,3.0,3.0,1.0,4.0,5.0,4.0,Thailand
7916,5.0,2.0,2.0,3.0,3.0,2.0,4.0,3.0,4.0,4.0,4.0,Thailand
7917,5.0,2.0,1.0,2.0,3.0,2.0,3.0,3.0,4.0,5.0,4.0,Thailand
7918,5.0,2.0,2.0,2.0,2.0,2.0,4.0,3.0,4.0,4.0,3.0,Thailand
7919,5.0,1.0,1.0,3.0,2.0,3.0,3.0,2.0,4.0,5.0,3.0,Thailand
7920,5.0,2.0,2.0,2.0,3.0,2.0,4.0,2.0,4.0,4.0,4.0,Thailand
7921,5.0,2.0,2.0,2.0,3.0,2.0,4.0,4.0,4.0,5.0,4.0,Thailand
7922,5.0,2.0,1.0,3.0,3.0,2.0,3.0,4.0,2.0,3.0,5.0,Thailand
7923,5.0,2.0,2.0,2.0,2.0,2.0,4.0,3.0,4.0,4.0,4.0,Thailand
7924,5.0,2.0,1.0,3.0,3.0,3.0,2.0,2.0,4.0,4.0,3.0,Thailand
7925,5.0,1.0,,3.0,3.0,3.0,3.0,4.0,4.0,3.0,3.0,Thailand
7926,5.0,1.0,2.0,2.0,2.0,3.0,4.0,3.0,2.0,3.0,4.0,Thailand
7927,5.0,1.0,,3.0,2.0,4.0,3.0,2.0,3.0,4.0,3.0,Thailand
7928,5.0,2.0,1.0,4.0,3.0,2.0,5.0,3.0,4.0,3.0,5.0,Thailand
7929,5.0,2.0,1.0,4.0,3.0,2.0,4.0,2.0,2.0,3.0,3.0,Thailand
7930,5.0,2.0,2.0,3.0,3.0,2.0,5.0,1.0,4.0,5.0,3.0,Thailand
7931,5.0,2.0,2.0,3.0,2.0,1.0,2.0,4.0,2.0,4.0,3.0,Thailand
7932,5.0,2.0,2.0,2.0,3.0,1.0,3.0,2.0,2.0,3.0,2.0,Thailand
7933,5.0,,,3.0,4.0,2.0,3.0,1.0,4.0,3.0,5.0,Thailand
7934,5.0,2.0,2.0,4.0,4.0,2.0,2.0,4.0,4.0,3.0,2.0,Thailand
7935,5.0,2.0,2.0,3.0,1.0,2.0,3.0,3.0,2.0,4.0,4.0,Thailand
7936,5.0,2.0,2.0,4.0,2.0,3.0,3.0,1.0,3.0,4.0,2.0,Thailand
7937,5.0,2.0,1.0,4.0,3.0,2.0,2.0,2.0,3.0,4.0,3.0,Thailand
7938,5.0,1.0,,2.0,3.0,2.0,1.0,4.0,4.0,3.0,5.0,Thailand
7939,5.0,1.0,,2.0,3.0,1.0,3.0,1.0,4.0,4.0,4.0,Thailand
7940,5.0,2.0,2.0,3.0,2.0,1.0,3.0,3.0,4.0,5.0,3.0,Thailand
7941,5.0,2.0,2.0,4.0,3.0,3.0,4.0,2.0,3.0,3.0,2.0,Thailand
7942,5.0,1.0,1.0,3.0,2.0,2.0,2.0,3.0,2.0,4.0,4.0,Thailand
7943,5.0,1.0,1.0,3.0,2.0,3.0,4.0,3.0,4.0,5.0,4.0,Thailand
7944,5.0,2.0,2.0,4.0,4.0,1.0,2.0,2.0,3.0,5.0,4.0,Thailand
7945,5.0,2.0,2.0,3.0,3.0,1.0,3.0,4.0,3.0,5.0,3.0,Thailand
7946,5.0,2.0,2.0,4.0,1.0,2.0,1.0,3.0,2.0,3.0,1.0,Thailand
7947,5.0,2.0,2.0,2.0,3.0,1.0,3.0,4.0,4.0,4.0,2.0,Thailand
7948,5.0,2.0,2.0,4.0,3.0,1.0,2.0,2.0,3.0,4.0,3.0,Thailand
7949,5.0,2.0,2.0,3.0,3.0,2.0,3.0,4.0,2.0,5.0,3.0,Thailand
7950,5.0,2.0,2.0,4.0,3.0,1.0,2.0,3.0,4.0,4.0,3.0,Thailand
7951,5.0,2.0,2.0,2.0,2.0,1.0,3.0,3.0,2.0,5.0,1.0,Thailand
7952,5.0,2.0,2.0,4.0,4.0,2.0,3.0,4.0,3.0,4.0,4.0,Thailand
7953,5.0,2.0,2.0,2.0,2.0,1.0,4.0,4.0,3.0,4.0,2.0,Thailand
7954,5.0,2.0,1.0,4.0,3.0,1.0,4.0,3.0,4.0,4.0,3.0,Thailand
7955,5.0,2.0,2.0,3.0,1.0,1.0,3.0,3.0,5.0,3.0,4.0,Thailand
7956,5.0,2.0,2.0,4.0,2.0,2.0,3.0,4.0,3.0,4.0,3.0,Thailand
7957,5.0,2.0,,4.0,3.0,2.0,4.0,4.0,3.0,4.0,4.0,Thailand
7958,5.0,2.0,1.0,2.0,3.0,1.0,3.0,3.0,2.0,4.0,2.0,Thailand
7959,5.0,2.0,2.0,3.0,2.0,2.0,3.0,3.0,3.0,5.0,1.0,Thailand
7960,5.0,2.0,2.0,3.0,3.0,3.0,2.0,4.0,4.0,4.0,3.0,Thailand
7961,5.0,2.0,1.0,2.0,1.0,2.0,2.0,2.0,3.0,5.0,4.0,Thailand
7962,5.0,2.0,1.0,1.0,3.0,1.0,3.0,2.0,3.0,4.0,5.0,Thailand
7963,5.0,2.0,,2.0,4.0,2.0,4.0,3.0,5.0,4.0,4.0,Thailand
7964,5.0,2.0,2.0,2.0,2.0,1.0,2.0,2.0,3.0,4.0,4.0,Thailand
7965,5.0,2.0,1.0,2.0,4.0,1.0,3.0,4.0,3.0,5.0,3.0,Thailand
7966,5.0,1.0,1.0,3.0,3.0,3.0,5.0,1.0,2.0,5.0,4.0,Thailand
7967,5.0,1.0,2.0,2.0,3.0,3.0,4.0,1.0,2.0,4.0,4.0,Thailand
7968,5.0,1.0,2.0,3.0,3.0,3.0,4.0,2.0,2.0,5.0,4.0,Thailand
7969,5.0,1.0,2.0,3.0,3.0,3.0,3.0,2.0,2.0,4.0,4.0,Thailand
7970,5.0,1.0,2.0,3.0,2.0,3.0,1.0,2.0,3.0,4.0,4.0,Thailand
7971,5.0,2.0,2.0,2.0,3.0,3.0,2.0,2.0,4.0,4.0,4.0,Thailand
7972,5.0,2.0,1.0,2.0,3.0,2.0,2.0,2.0,3.0,4.0,2.0,Thailand
7973,5.0,2.0,2.0,3.0,4.0,3.0,3.0,2.0,2.0,4.0,2.0,Thailand
7974,5.0,1.0,2.0,4.0,3.0,3.0,3.0,2.0,4.0,4.0,4.0,Thailand
7975,5.0,,,3.0,3.0,3.0,3.0,2.0,4.0,4.0,2.0,Thailand
7976,5.0,2.0,1.0,4.0,3.0,3.0,3.0,2.0,2.0,4.0,2.0,Thailand
7977,5.0,1.0,1.0,4.0,4.0,1.0,2.0,2.0,4.0,5.0,4.0,Thailand
7978,5.0,1.0,1.0,3.0,3.0,3.0,3.0,2.0,2.0,4.0,2.0,Thailand
7979,5.0,1.0,1.0,3.0,3.0,3.0,2.0,2.0,3.0,4.0,2.0,Thailand
7980,5.0,1.0,1.0,4.0,4.0,1.0,3.0,2.0,3.0,4.0,4.0,Thailand
7981,5.0,1.0,1.0,3.0,4.0,1.0,1.0,2.0,3.0,5.0,2.0,Thailand
7982,5.0,1.0,,2.0,2.0,2.0,2.0,4.0,4.0,5.0,4.0,Thailand
7983,5.0,2.0,2.0,3.0,3.0,1.0,3.0,3.0,4.0,4.0,4.0,Thailand
7984,5.0,2.0,2.0,2.0,3.0,1.0,2.0,1.0,3.0,3.0,1.0,Thailand
7985,5.0,2.0,1.0,2.0,2.0,3.0,2.0,2.0,4.0,5.0,2.0,Thailand
7986,5.0,2.0,2.0,3.0,,2.0,3.0,2.0,4.0,4.0,4.0,Thailand
7987,5.0,2.0,2.0,4.0,3.0,2.0,4.0,2.0,4.0,4.0,3.0,Thailand
7988,5.0,2.0,2.0,4.0,3.0,1.0,3.0,2.0,4.0,4.0,4.0,Thailand
7989,5.0,2.0,2.0,1.0,3.0,4.0,3.0,4.0,4.0,4.0,2.0,Thailand
7990,5.0,2.0,2.0,2.0,3.0,4.0,3.0,2.0,4.0,5.0,2.0,Thailand
7991,5.0,2.0,1.0,2.0,3.0,1.0,3.0,2.0,4.0,4.0,4.0,Thailand
7992,5.0,2.0,2.0,3.0,4.0,4.0,2.0,3.0,4.0,5.0,3.0,Thailand
7993,5.0,2.0,1.0,1.0,2.0,2.0,2.0,3.0,4.0,5.0,3.0,Thailand
7994,5.0,1.0,2.0,2.0,3.0,2.0,2.0,3.0,4.0,4.0,3.0,Thailand
7995,5.0,2.0,2.0,2.0,1.0,3.0,2.0,3.0,3.0,3.0,1.0,Thailand
7996,5.0,1.0,1.0,3.0,3.0,1.0,4.0,3.0,4.0,4.0,4.0,Thailand
7997,5.0,2.0,2.0,2.0,3.0,4.0,4.0,2.0,4.0,5.0,4.0,Thailand
7998,5.0,2.0,2.0,3.0,2.0,3.0,3.0,3.0,3.0,4.0,3.0,Thailand
7999,5.0,1.0,1.0,4.0,3.0,4.0,2.0,2.0,4.0,4.0,2.0,Thailand
8000,5.0,2.0,2.0,2.0,3.0,2.0,4.0,2.0,4.0,4.0,2.0,Thailand
8001,5.0,,2.0,3.0,2.0,3.0,3.0,1.0,2.0,3.0,1.0,Thailand
8002,5.0,2.0,2.0,3.0,3.0,1.0,4.0,1.0,3.0,4.0,4.0,Thailand
8003,5.0,2.0,2.0,3.0,2.0,1.0,2.0,3.0,4.0,1.0,2.0,Thailand
8004,5.0,2.0,2.0,3.0,2.0,1.0,2.0,3.0,3.0,4.0,2.0,Thailand
8005,5.0,2.0,2.0,3.0,2.0,1.0,3.0,3.0,1.0,3.0,2.0,Thailand
8006,5.0,2.0,2.0,3.0,1.0,1.0,3.0,1.0,5.0,4.0,2.0,Thailand
8007,5.0,2.0,2.0,3.0,1.0,1.0,2.0,3.0,1.0,5.0,1.0,Thailand
8008,5.0,2.0,2.0,4.0,1.0,1.0,4.0,2.0,2.0,1.0,4.0,Thailand
8009,5.0,2.0,2.0,4.0,1.0,2.0,4.0,2.0,2.0,2.0,4.0,Thailand
8010,5.0,2.0,2.0,4.0,2.0,1.0,4.0,3.0,3.0,4.0,4.0,Thailand
8011,5.0,2.0,2.0,4.0,2.0,1.0,4.0,2.0,3.0,4.0,4.0,Thailand
8012,5.0,2.0,2.0,4.0,2.0,2.0,3.0,2.0,3.0,4.0,4.0,Thailand
8013,5.0,2.0,2.0,4.0,2.0,1.0,3.0,3.0,4.0,4.0,4.0,Thailand
8014,5.0,2.0,2.0,4.0,1.0,1.0,1.0,4.0,2.0,4.0,2.0,Thailand
8015,5.0,2.0,2.0,4.0,1.0,1.0,3.0,3.0,2.0,3.0,4.0,Thailand
8016,5.0,2.0,2.0,4.0,1.0,1.0,4.0,4.0,3.0,3.0,3.0,Thailand
8017,5.0,2.0,2.0,2.0,2.0,1.0,2.0,3.0,3.0,2.0,3.0,Thailand
8018,5.0,1.0,2.0,2.0,1.0,2.0,2.0,3.0,3.0,2.0,3.0,Thailand
8019,5.0,2.0,2.0,3.0,2.0,2.0,2.0,1.0,3.0,3.0,3.0,Thailand
8020,5.0,2.0,2.0,3.0,3.0,1.0,1.0,4.0,3.0,3.0,3.0,Thailand
8021,5.0,2.0,2.0,3.0,2.0,2.0,2.0,3.0,3.0,3.0,2.0,Thailand
8022,5.0,1.0,2.0,3.0,4.0,3.0,2.0,4.0,3.0,5.0,3.0,Thailand
8023,5.0,2.0,2.0,3.0,2.0,4.0,2.0,4.0,4.0,3.0,3.0,Thailand
8024,5.0,2.0,2.0,3.0,4.0,4.0,1.0,3.0,1.0,3.0,3.0,Thailand
8025,5.0,2.0,2.0,3.0,4.0,4.0,3.0,2.0,2.0,3.0,3.0,Thailand
8026,5.0,2.0,2.0,3.0,3.0,4.0,1.0,4.0,1.0,3.0,3.0,Thailand
8027,5.0,2.0,2.0,2.0,1.0,1.0,1.0,4.0,2.0,3.0,1.0,Thailand
8028,5.0,2.0,,2.0,2.0,2.0,3.0,4.0,2.0,4.0,2.0,Thailand
8029,5.0,2.0,1.0,2.0,1.0,1.0,1.0,2.0,2.0,4.0,2.0,Thailand
8030,5.0,2.0,1.0,2.0,3.0,2.0,1.0,4.0,3.0,3.0,2.0,Thailand
8031,5.0,2.0,1.0,2.0,1.0,2.0,2.0,4.0,3.0,4.0,2.0,Thailand
8032,5.0,2.0,1.0,2.0,1.0,1.0,2.0,4.0,3.0,4.0,1.0,Thailand
8033,5.0,2.0,2.0,1.0,2.0,2.0,3.0,3.0,2.0,4.0,1.0,Thailand
8034,5.0,2.0,2.0,3.0,3.0,2.0,3.0,3.0,1.0,3.0,2.0,Thailand
8035,5.0,2.0,2.0,2.0,2.0,1.0,2.0,2.0,4.0,4.0,5.0,Thailand
8036,5.0,2.0,2.0,2.0,3.0,2.0,3.0,2.0,3.0,4.0,4.0,Thailand
8037,5.0,2.0,2.0,3.0,3.0,2.0,2.0,2.0,5.0,5.0,5.0,Thailand
8038,5.0,2.0,2.0,2.0,1.0,1.0,2.0,2.0,5.0,4.0,5.0,Thailand
8039,5.0,2.0,2.0,3.0,4.0,1.0,1.0,1.0,3.0,5.0,5.0,Thailand
8040,5.0,2.0,2.0,3.0,3.0,3.0,2.0,1.0,2.0,4.0,5.0,Thailand
8041,5.0,2.0,2.0,2.0,3.0,2.0,2.0,2.0,2.0,3.0,4.0,Thailand
8042,5.0,,1.0,4.0,3.0,3.0,2.0,3.0,3.0,4.0,4.0,Thailand
8043,5.0,2.0,2.0,4.0,2.0,2.0,2.0,4.0,3.0,3.0,1.0,Thailand
8044,5.0,2.0,2.0,2.0,3.0,1.0,3.0,1.0,4.0,4.0,2.0,Thailand
8045,5.0,2.0,2.0,2.0,3.0,1.0,4.0,2.0,5.0,4.0,4.0,Thailand
8046,5.0,2.0,2.0,3.0,3.0,2.0,3.0,1.0,5.0,3.0,4.0,Thailand
8047,5.0,2.0,1.0,1.0,3.0,2.0,4.0,1.0,1.0,4.0,3.0,Thailand
8048,5.0,2.0,1.0,1.0,3.0,1.0,4.0,2.0,3.0,4.0,4.0,Thailand
8049,5.0,1.0,1.0,2.0,3.0,1.0,4.0,2.0,4.0,4.0,4.0,Thailand
8050,5.0,2.0,2.0,3.0,3.0,1.0,5.0,1.0,4.0,5.0,3.0,Thailand
8051,5.0,2.0,2.0,2.0,3.0,2.0,5.0,2.0,3.0,4.0,5.0,Thailand
8052,5.0,2.0,2.0,4.0,3.0,2.0,5.0,2.0,2.0,4.0,3.0,Thailand
8053,5.0,2.0,2.0,3.0,2.0,3.0,4.0,2.0,4.0,5.0,4.0,Thailand
8054,5.0,2.0,2.0,1.0,3.0,3.0,3.0,3.0,4.0,4.0,3.0,Thailand
8055,5.0,2.0,1.0,2.0,3.0,2.0,4.0,1.0,3.0,4.0,4.0,Thailand
